t,JH2_L,JH2_R,JO2_L,JO2_R,i_cross,MB_resid
0.05,2.3750382762744626e-17,-0.003231434874152882,0.002799716195149296,-1.2075090043364227e-26,0.0,6.332504674865132e-5
0.1,2.741708418429672e-16,-0.0018973420395872707,0.0015655621163601966,-2.7852131471396994e-25,0.0,-2.540719870244715e-5
0.15000000000000002,1.6453619727323243e-15,-0.001443636057416739,0.0011746520669860476,-3.2794455593125293e-24,0.0,-9.073778676505287e-6
0.2,6.844529696036824e-15,-0.0012081464457844556,0.0009785746522316472,-2.6281588290657002e-23,0.0,-4.713782912274447e-6
0.25,2.2202934310964695e-14,-0.001059190147841207,0.0008561142761500432,-1.6127152704278225e-22,0.0,-2.9793671533786224e-6
0.3,5.990416635065475e-14,-0.0009543287481931335,0.0007704298393994076,-8.082343088928016e-22,0.0,-2.0963138966227125e-6
0.35,1.4000890623346164e-13,-0.0008754259966333933,0.0007061837639044514,-3.445923767661895e-21,0.0,-1.5768401209106508e-6
0.39999999999999997,2.915153293530413e-13,-0.000813300040535932,0.0006557136791030679,-1.2855250602231941e-20,0.0,-1.2412788793893324e-6
0.44999999999999996,5.518587472278525e-13,-0.0007627481766303074,0.0006147118958562633,-4.2834800528506116e-20,0.0,-1.009861817227991e-6
0.49999999999999994,9.646567735572048e-13,-0.0007205757273699324,0.0005805469413316659,-1.295002055424541e-19,0.0,-8.42364239925144e-7
0.5499999999999999,1.575976639117762e-12,-0.0006846991502452148,0.0005515088289915817,-3.596419221745407e-19,0.0,-7.165401746836268e-7
0.6,2.42976511253963e-12,-0.0006536942995789067,0.00052643190053891,-9.266839160933117e-19,0.0,-6.191934044091213e-7
0.65,3.5632372753977145e-12,-0.000626550464948181,0.0005044906145846423,-2.233706090285563e-18,0.0,-5.420527315223508e-7
0.7000000000000001,5.002960283650938e-12,-0.0006025279227134719,0.000485081768760367,-5.071594813329102e-18,0.0,-4.796981927571425e-7
0.7500000000000001,6.76215379896785e-12,-0.0005810711917727437,0.0004677530090440747,-1.0910040299623701e-17,0.0,-4.284455538377651e-7
0.8000000000000002,8.839448926776208e-12,-0.0005617539653956311,0.000452157561167009,-2.2348682331783925e-17,0.0,-3.857121993180654e-7
0.8500000000000002,1.1219082259275937e-11,-0.0005442429030576343,0.00043802452786144766,-4.3783668820587716e-17,0.0,-3.4963969035707414e-7
0.9000000000000002,1.3872302284752965e-11,-0.0005282730974964751,0.00042513879851463444,-8.234945291355498e-17,0.0,-3.1886016705760974e-7
0.9500000000000003,1.6759651720237796e-11,-0.0005136310149710753,0.0004133270991243651,-1.491950774984157e-16,0.0,-2.9234685622011366e-7
1.0000000000000002,1.9833755728052917e-11,-0.0005001423599010669,0.00040244808139211323,-2.6114710759356185e-16,0.0,-2.693155833768208e-7
1.0500000000000003,2.3042273473364002e-11,-0.0004876632679698774,0.0003923851379234798,-4.4279704981720353e-16,0.0,-2.4915821422309865e-7
1.1000000000000003,2.6330734969664345e-11,-0.00047607380014582653,0.00038304109955490624,-7.290296742586969e-16,0.0,-2.3139665048465229e-7
1.1500000000000004,2.964506513016343e-11,-0.00046527305946254306,0.00037433425860888033,-1.1679811783443917e-15,0.0,-2.1565038900417909e-7
1.2000000000000004,3.293367620755756e-11,-0.00045517547300096705,0.00036619534328601516,-1.8243844989089622e-15,0.0,-2.0161323051456556e-7
1.2500000000000004,3.6149078159252815e-11,-0.0004457079241754548,0.0003585651855469994,-2.7832258177177245e-15,0.0,-1.890362845732678e-7
1.3000000000000005,3.924900929675261e-11,-0.0004368075146934533,0.0003513929021458978,-4.15360428343674e-15,0.0,-1.7771538523051432e-7
1.3500000000000005,4.2197126128907525e-11,-0.00042841979907167437,0.00034463446050572456,-6.072659053161888e-15,0.0,-1.6748164731786828e-7
1.4000000000000006,4.496331291191103e-11,-0.0004204973781520609,0.00033825153677451543,-8.709406469857007e-15,0.0,-1.5819429202571303e-7
1.4500000000000006,4.752368157127946e-11,-0.0004129987684220771,0.0003322105982241705,-1.2268317476081716e-14,0.0,-1.4973513566085648e-7
1.5000000000000007,4.9860332994033e-11,-0.0004058874854222983,0.000326482159701132,-1.6992462377231973e-14,0.0,-1.4200431121703244e-7
1.5500000000000007,5.1960947267559186e-11,-0.00039913129492817547,0.00032104017641251256,-2.316605711521914e-14,0.0,-1.3491691569283634e-7
1.6000000000000008,5.381826068356562e-11,-0.00039270159677980577,0.00031586154445733926,-3.1116261788786186e-14,0.0,-1.2840035908665871e-7
1.6500000000000008,5.542947950123477e-11,-0.00038657291445392194,0.0003109256872146244,-4.1214107022764204e-14,0.0,-1.2239225112369544e-7
1.7000000000000008,5.6795668036219984e-11,-0.00038072246957844845,0.00030621421067478645,-5.387445517309871e-14,0.0,-1.1683870353184668e-7
1.7500000000000009,5.792114219989705e-11,-0.00037512982517174943,0.0003017106145326867,-6.955493913501029e-14,0.0,-1.1169295639009043e-7
1.800000000000001,5.881288996666776e-11,-0.00036977658485974504,0.00029740004868530234,-8.875385943636017e-14,0.0,-1.0691425909848361e-7
1.850000000000001,5.94800308066899e-11,-0.00036464613797635207,0.0002932691069351311,-1.1200705816148931e-13,0.0,-1.0246695343900294e-7
1.900000000000001,5.99333276706623e-11,-0.0003597234424962352,0.0002893056513624193,-1.398838240072289e-13,0.0,-9.831971718612768e-8
1.950000000000001,6.018475041209362e-11,-0.0003549948393368283,0.00028549866211976935,-1.7298191481560943e-13,0.0,-9.444493686324839e-8
2.000000000000001,6.024709629793288e-11,-0.0003504478928077759,0.0002818381084116146,-2.1192181093773714e-13,0.0,-9.081818522346449e-8
2.0500000000000007,6.013366321614987e-11,-0.0003460712529644868,0.0002783148372156728,-2.573403338767279e-13,0.0,-8.741778354816841e-8
2.1000000000000005,5.98579757808877e-11,-0.0003418545363976143,0.0002749204769333667,-3.098837795494494e-13,0.0,-8.42244327163566e-8
2.1500000000000004,5.943355575298595e-11,-0.00033778822260997467,0.00027164735365857147,-3.7020072382479026e-13,0.0,-8.122090206993948e-8
2.2,5.887373786815447e-11,-0.00033386356362787733,0.0002684884181571529,-4.389346605794703e-13,0.0,-7.839176472345354e-8
2.25,5.8191522000184314e-11,-0.00033007250489559576,0.00026543718197473637,-5.167166289827888e-13,0.0,-7.572317222174704e-8
2.3,5.739945849381215e-11,-0.00032640761582603374,0.00026248766135428134,-6.041579792325873e-13,0.0,-7.320266151220316e-8
2.3499999999999996,5.650956256561442e-11,-0.000322862028646139,0.00025963432785956563,-7.018434133999217e-13,0.0,-7.081898939541656e-8
2.3999999999999995,5.553325327006154e-11,-0.00031942938439263863,0.0002568720647773806,-8.103244235068574e-13,0.0,-6.856198977675011e-8
2.4499999999999993,5.448131114579363e-11,-0.0003161037850919758,0.0002541961285155539,-9.301132314915561e-13,0.0,-6.642245005817997e-8
2.499999999999999,5.3363856280849687e-11,-0.0003128797513069021,0.0002516021143342463,-1.0616773169789387e-12,0.0,-6.4392004264259e-8
2.549999999999999,5.2190337389864954e-11,-0.00030975218435348696,0.0002490859258470612,-1.205434600503384e-12,0.0,-6.246303971605381e-8
2.5999999999999988,5.0969532571979717e-11,-0.0003067163325958121,0.0002466437478114812,-1.3617493298473084e-12,0.0,-6.06286158020674e-8
2.6499999999999986,4.9709560189058953e-11,-0.0003037677613098944,0.0002442720217974279,-1.530928699603394e-12,0.0,-5.888239285110723e-8
2.6999999999999984,4.8417895896347845e-11,-0.0003009023256809022,0.00024196742438099993,-1.7132202173966523e-12,0.0,-5.7218569698286315e-8
2.7499999999999982,4.710139520140274e-11,-0.0002981161465576827,0.00023972684755929646,-1.908809813461104e-12,0.0,-5.563182873874126e-8
2.799999999999998,4.576632003548028e-11,-0.00029540558863998094,0.0002375473811239674,-2.1178206788546927e-12,0.0,-5.4117287599320454e-8
2.849999999999998,4.441836710824124e-11,-0.00029276724081699865,0.00023542629676598159,-2.3403128020533755e-12,0.0,-5.2670456238872523e-8
2.8999999999999977,4.306269777827179e-11,-0.00029019789841264464,0.00023336103371427244,-2.5762831688355086e-12,0.0,-5.128719905960876e-8
2.9499999999999975,4.170397193606298e-11,-0.0002876945471245802,0.00023134918573630177,-2.8256665775541104e-12,0.0,-4.99637012668034e-8
2.9999999999999973,4.03463779636977e-11,-0.00028525434847101287,0.00022938848935053464,-3.0883370184613296e-12,0.0,-4.869643887173841e-8
3.049999999999997,3.899366492368118e-11,-0.0002828746265821297,0.0002274768131194641,-3.3641095631076167e-12,0.0,-4.7482152030630005e-8
3.099999999999997,3.764917332111964e-11,-0.0002805528561928993,0.00022561214790814077,-3.652742700364658e-12,0.0,-4.631782104483773e-8
3.149999999999997,3.631586488507585e-11,-0.0002782866517121718,0.00022379259800681898,-3.95394106518768e-12,0.0,-4.5200645219789504e-8
3.1999999999999966,3.499635270658768e-11,-0.00027607375725599825,0.00022201637302874012,-4.2673584964566875e-12,0.0,-4.412802341244304e-8
3.2499999999999964,3.369292995003485e-11,-0.00027391203754800617,0.00022028178050419224,-4.592601363657853e-12,0.0,-4.30975371322603e-8
3.2999999999999963,3.240759053958949e-11,-0.00027179946959935504,0.00021858721910128156,-4.929232108450799e-12,0.0,-4.210693483393691e-8
3.349999999999996,3.1142062328869696e-11,-0.00026973413509165665,0.00021693117241165428,-5.2767729534521115e-12,0.0,-4.115411803825913e-8
3.399999999999996,2.98978235074348e-11,-0.00026771421339393735,0.0002153122032463874,-5.634709705101278e-12,0.0,-4.0237128697191184e-8
3.4499999999999957,2.8676128993843013e-11,-0.00026573797515306246,0.0002137289483932459,-6.00249563631743e-12,0.0,-3.935413788076769e-8
3.4999999999999956,2.7478027198809658e-11,-0.0002638037764027888,0.0002121801137918888,-6.3795553778148464e-12,0.0,-3.8503435351514015e-8
3.5499999999999954,2.6304382138309518e-11,-0.00026191005314316686,0.00021066447008815547,-6.7652887901457544e-12,0.0,-3.768342031148543e-8
3.599999999999995,2.5155891801718297e-11,-0.0002600553163463495,0.00020918084853276751,-7.159074790121774e-12,0.0,-3.6892592707345184e-8
3.649999999999995,2.403310117000997e-11,-0.00025823814735039587,0.00020772813719337408,-7.560275081709833e-12,0.0,-3.612954584673086e-8
3.699999999999995,2.293641862225208e-11,-0.0002564571936053123,0.00020630527745191295,-7.968237789168025e-12,0.0,-3.5392959012018645e-8
3.7499999999999947,2.186613145044368e-11,-0.00025471116474040683,0.00020491126076242392,-8.382300944379343e-12,0.0,-3.468159118853904e-8
3.7999999999999945,2.0822416559403544e-11,-0.00025299882892437846,0.0002035451256465694,-8.801795831548844e-12,0.0,-3.399427531028225e-8
3.8499999999999943,1.980535437662488e-11,-0.0002513190094924871,0.00020220595490659749,-9.2260501613328e-12,0.0,-3.332991267517276e-8
3.899999999999994,1.8814937055523e-11,-0.0002496705818180744,0.00020089287303740418,-9.654391074213632e-12,0.0,-3.2687468233994106e-8
3.949999999999994,1.7851080423643796e-11,-0.0002480524704072104,0.00019960504382109313,-1.0086147951892724e-11,0.0,-3.2065966013591993e-8
3.999999999999994,1.6913635752540837e-11,-0.00024646364619785883,0.00019834166808898647,-1.052065502608718e-11,0.0,-3.146448507117391e-8
4.049999999999994,1.6002387261134768e-11,-0.00024490312404655665,0.0001971019816375132,-1.0957253818248244e-11,0.0,-3.088215564886086e-8
4.099999999999993,1.511707173217507e-11,-0.00024336996038673022,0.00019588525328562408,-1.1395295356573e-11,0.0,-3.03181555953865e-8
4.149999999999993,1.4257379938891813e-11,-0.0002418632510452277,0.000194690783062513,-1.183414220978585e-11,0.0,-2.977170749263614e-8
4.199999999999993,1.3422961281613916e-11,-0.00024038212920377073,0.00019351790051540496,-1.2273170330986124e-11,0.0,-2.9242075345685924e-8
4.249999999999993,1.2613436627635005e-11,-0.00023892576349397195,0.00019236596312817428,-1.2711770701134196e-11,0.0,-2.8728562090764125e-8
4.299999999999993,1.182839046462871e-11,-0.00023749335621542133,0.0001912343548423005,-1.3149350788562452e-11,0.0,-2.8230506975656083e-8
4.3499999999999925,1.106738837713279e-11,-0.00023608414166708557,0.00019012248467235835,-1.3585335843876995e-11,0.0,-2.7747283347552294e-8
4.399999999999992,1.0329973123256775e-11,-0.00023469738458328405,0.0001890297854091422,-1.4019170020939527e-11,0.0,-2.7278296440245986e-8
4.449999999999992,9.61567462124431e-12,-0.00023333237866643468,0.00018795571240371128,-1.4450317305680945e-11,0.0,-2.682298132623785e-8
4.499999999999992,8.924006382843758e-12,-0.00023198844520895385,0.0001868997424267241,-1.487826233318913e-11,0.0,-2.6380801261809833e-8
4.549999999999992,8.254469793263476e-12,-0.0002306649317979765,0.0001858613725973736,-1.5302511047635836e-11,0.0,-2.595124582794369e-8
4.599999999999992,7.606565167723007e-12,-0.00022936121109647892,0.0001848401193771224,-1.5722591180463004e-11,0.0,-2.5533829385332874e-8
4.6499999999999915,6.9797814082277704e-12,-0.0002280766796955006,0.0001838355176235282,-1.6138052666002608e-11,0.0,-2.512808961791955e-8
4.699999999999991,6.373608843434958e-12,-0.00022681075703225126,0.00018284711970015843,-1.6548467876845636e-11,0.0,-2.4733586221823128e-8
4.749999999999991,5.7875335220464625e-12,-0.00022556288436917873,0.00018187449463839643,-1.6953431827927815e-11,0.0,-2.4349899537402363e-8
4.799999999999991,5.221043276078884e-12,-0.00022433252383017189,0.00018091722734795972,-1.7352562150460262e-11,0.0,-2.3976629394580062e-8
4.849999999999991,4.6736262942117645e-12,-0.00022311915748951465,0.00017997491787250902,-1.7745499121723045e-11,0.0,-2.3613394140964243e-8
4.899999999999991,4.144780395024055e-12,-0.00022192228651019737,0.00017904718068758322,-1.813190549226263e-11,0.0,-2.3259829245937842e-8
4.94999999999999,3.6339987604764732e-12,-0.00022074143032815976,0.0001781336440378354,-1.8511466283295836e-11,0.0,-2.2915586896793405e-8
4.99999999999999,3.140784559092086e-12,-0.00021957612587945394,0.0001772339493111509,-1.888388852452668e-11,0.0,-2.258033457907876e-8
5.04999999999999,2.664647735989839e-12,-0.00021842592686743326,0.00017634775044716346,-1.9248900910031013e-11,0.0,-2.2253754506902992e-8
5.09999999999999,2.205103586232798e-12,-0.00021729040306733944,0.00017547471337798885,-1.9606253402002442e-11,0.0,-2.1935542903676712e-8
5.14999999999999,1.761674538142849e-12,-0.00021616913966607945,0.00017461451549912352,-1.9955716768952484e-11,0.0,-2.1625408969192655e-8
5.1999999999999895,1.333894076593051e-12,-0.00021506173663463882,0.00017376684516857762,-2.0297082158173285e-11,0.0,-2.1323074467954114e-8
5.249999999999989,9.213010364005791e-13,-0.00021396780813142698,0.0001729314012325168,-2.063016046560426e-11,0.0,-2.1028272964920824e-8
5.299999999999989,5.23446378922607e-13,-0.00021288698193446727,0.00017210789257570303,-2.0954781906805138e-11,0.0,-2.074074930124301e-8
5.349999999999989,1.3988177884218876e-13,-0.00021181889890055594,0.00017129603769534916,-2.12707953302149e-11,0.0,-2.0460258849793952e-8
5.399999999999989,-2.2982147269586075e-13,-0.00021076321245014966,0.00017049556429678101,-2.1578067719599664e-11,4.434880260125677e-8,-2.0186567252413606e-8
5.449999999999989,-5.860849512879054e-13,-0.00020971958807606663,0.00016970620890974925,-2.1876483434317448e-11,1.1309720326538766e-7,-1.991944954652953e-8
5.4999999999999885,-9.293238125973691e-13,-0.00020868770287489982,0.0001689277165240943,-2.2165943714745425e-11,1.7933223486070873e-7,-1.9658690096472677e-8
5.549999999999988,-1.2599403724217974e-12,-0.00020766724509961622,0.00016815984024359906,-2.244636594340016e-11,2.431315325345342e-7,-1.9404081884083924e-8
5.599999999999988,-1.578329099974031e-12,-0.00020665791373232882,0.00016740234095701943,-2.2717683069922305e-11,3.045712172735035e-7,-1.915542621185951e-8
5.649999999999988,-1.8848744779045607e-12,-0.0002056594180759946,0.0001666549870252599,-2.2979842904969725e-11,3.6372548295067046e-7,-1.891253210398354e-8
5.699999999999988,-2.179951715627409e-12,-0.00020467147736402555,0.00016591755398376085,-2.3232807491573833e-11,4.206667339764734e-7,-1.8675216333433053e-8
5.749999999999988,-2.4639167627577807e-12,-0.0002036938203869652,0.00016518982425927972,-2.347655247947526e-11,4.754636581851496e-7,-1.8443302588931274e-8
5.799999999999987,-2.737139835428522e-12,-0.00020272618513499837,0.00016447158690015236,-2.3711066424975714e-11,5.281876964303443e-7,-1.8216621530675603e-8
5.849999999999987,-2.999953343500726e-12,-0.00020176831845582568,0.0001637626373193865,-2.393635018612911e-11,5.789029940642711e-7,-1.7995010276696845e-8
5.899999999999987,-3.252696830094305e-12,-0.00020081997572694176,0.00016306277704987744,-2.415241632687081e-11,6.276750729488475e-7,-1.7778312184175624e-8
5.949999999999987,-3.4956955718115314e-12,-0.00019988092054148645,0.00016237181351089251,-2.4359288461559773e-11,6.745667019265829e-7,-1.7566376459021184e-8
5.999999999999987,-3.729266998669971e-12,-0.00019895092440713567,0.00016168955978548488,-2.45570005786652e-11,7.19639135679312e-7,-1.735905799736103e-8
6.0499999999999865,-3.9537206941024864e-12,-0.00019802976645732736,0.00016101583440803185,-2.4745596665367957e-11,7.629521147281948e-7,-1.7156217132921828e-8
6.099999999999986,-4.169351261698415e-12,-0.0001971172331741939,0.00016035046116146708,-2.492512983758924e-11,8.045624889240132e-7,-1.695771937297195e-8
6.149999999999986,-4.37645187839533e-12,-0.00019621311812266309,0.00015969326888360918,-2.5095661976509395e-11,8.445268328156074e-7,-1.676343518950416e-8
6.199999999999986,-4.5753028812649235e-12,-0.00019531722169511582,0.0001590440912821713,-2.5257263228036465e-11,8.828992432343506e-7,-1.6573239689041813e-8
6.249999999999986,-4.766177474120068e-12,-0.00019442935086621326,0.00015840276675801272,-2.5410011150710972e-11,9.197324405019118e-7,-1.6387012612638883e-8
6.299999999999986,-4.949345294144226e-12,-0.00019354931895739362,0.0001577691382360664,-2.5553990584614368e-11,9.550784566851082e-7,-1.6204637890869164e-8
6.349999999999985,-5.125056718722039e-12,-0.00019267694541055385,0.0001571430530037487,-2.56892928886544e-11,9.88985607274555e-7,-1.6026003859582506e-8
6.399999999999985,-5.293560698586384e-12,-0.00019181205557033696,0.00015652436255631904,-2.5816015606877508e-11,1.0215019324589274e-6,-1.585100250155961e-8
6.449999999999985,-5.455102617840729e-12,-0.0001909544804750818,0.00015591292244883395,-2.5934261890474158e-11,1.0526747841720484e-6,-1.5679529838993206e-8
6.499999999999985,-5.609917874026191e-12,-0.00019010405665561948,0.0001553085921545215,-2.604414011642154e-11,1.0825495872341546e-6,-1.55114855234428e-8
6.549999999999985,-5.758222604885068e-12,-0.00018926062594168538,0.00015471123492903668,-2.614576340482824e-11,1.1111680498892818e-6,-1.5346772606309074e-8
6.5999999999999845,-5.900250781306713e-12,-0.0001884240352757496,0.0001541207176804778,-2.623924930312273e-11,1.1385753216557265e-6,-1.5185297588110862e-8
6.649999999999984,-6.0361999945604874e-12,-0.00018759413653383808,0.00015353691084478657,-2.632471924381096e-11,1.1648095318522937e-6,-1.5026970096748173e-8
6.699999999999984,-6.166288522366335e-12,-0.00018677078635292478,0.000152959688266316,-2.6402298276334498e-11,1.1899128016759297e-6,-1.4871702987248776e-8
6.749999999999984,-6.290711816015972e-12,-0.00018595384596497511,0.00015238892708329207,-2.647211467379583e-11,1.213922847492529e-6,-1.4719411969236346e-8
6.799999999999984,-6.409659620194054e-12,-0.00018514318103694683,0.00015182450761791884,-2.653429955755976e-11,1.2368762844602217e-6,-1.4570015610183059e-8
6.849999999999984,-6.523319539607596e-12,-0.0001843386615167717,0.00015126631327094827,-2.6588986563565782e-11,1.2588093147842272e-6,-1.442343531947183e-8
6.8999999999999835,-6.631872759030667e-12,-0.00018354016148495783,0.00015071423042050476,-2.6636311609938467e-11,1.2797569018110307e-6,-1.4279594954722495e-8
6.949999999999983,-6.7355004632373394e-12,-0.0001827475590116622,0.00015016814832485262,-2.6676412450084383e-11,1.2997540088871178e-6,-1.4138421131439961e-8
6.999999999999983,-6.834361723899338e-12,-0.00018196073601893303,0.00014962795902910247,-2.6709428577352774e-11,1.318831332178891e-6,-1.3999842703518728e-8
7.049999999999983,-6.928630592531913e-12,-0.00018117957814791424,0.00014909355727553268,-2.6735500664917028e-11,1.3370224585231316e-6,-1.3863790851225896e-8
7.099999999999983,-7.018457580896202e-12,-0.00018040397463098317,0.00014856484041742406,-2.6754770744535898e-11,1.3543564322745973e-6,-1.3730199226755311e-8
7.149999999999983,-7.103993914079226e-12,-0.0001796338181682711,0.00014804170833619237,-2.6767381420004095e-11,1.370862435439016e-6,-1.3599003467691835e-8
7.199999999999982,-7.185394383797415e-12,-0.0001788690048088344,0.00014752406336174422,-2.6773476260426987e-11,1.3865703382769679e-6,-1.3470141225959548e-8
7.249999999999982,-7.262803795204852e-12,-0.00017810943383599198,0.000147011810195905,-2.6773198834909943e-11,1.401508083935447e-6,-1.3343552303455436e-8
7.299999999999982,-7.336353400263855e-12,-0.00017735500765664815,0.00014650485583861565,-2.676669345143809e-11,1.4157010001930099e-6,-1.3219178420734862e-8
7.349999999999982,-7.406181584195565e-12,-0.00017660563169477327,0.00014600310951707956,-2.675410384596062e-11,1.429175791337917e-6,-1.309696307649896e-8
7.399999999999982,-7.472420312288187e-12,-0.00017586121428845946,0.00014550648261743378,-2.6735574088114352e-11,1.4419579227996954e-6,-1.2976851541143634e-8
7.4499999999999815,-7.535190849941687e-12,-0.00017512166659071682,0.00014501488861899274,-2.67112476278305e-11,1.4540707952433151e-6,-1.2858790958674565e-8
7.499999999999981,-7.594614462556036e-12,-0.00017438690247380509,0.00014452824303094863,-2.6681267581352638e-11,1.4655378093337473e-6,-1.2742729922458895e-8
7.549999999999981,-7.650810275553556e-12,-0.0001736568384368094,0.0001440464633313515,-2.664577621878784e-11,1.476381952783051e-6,-1.2628618806882676e-8
7.599999999999981,-7.703893134401277e-12,-0.00017293139351657743,0.00014356946890831595,-2.660491526204206e-11,1.4866253873974632e-6,-1.2516409365220284e-8
7.649999999999981,-7.753967184677994e-12,-0.00017221048920179459,0.00014309718100335615,-2.655882553921508e-11,1.496288210218664e-6,-1.2406055078639094e-8
7.699999999999981,-7.801139425266036e-12,-0.0001714940493499049,0.00014262952265677237,-2.6507646710499965e-11,1.5053910688922162e-6,-1.229751051868861e-8
7.7499999999999805,-7.845516855047728e-12,-0.00017078200010708976,0.00014216641865497638,-2.6451517315852716e-11,1.513954611063682e-6,-1.2190731985516068e-8
7.79999999999998,-7.887197199668928e-12,-0.0001700742698310806,0.00014170779547965806,-2.6390574763074846e-11,1.5219976949160084e-6,-1.2085676755321708e-8
7.84999999999998,-7.926271051516671e-12,-0.00016937078901643337,0.0001412535812587733,-2.6324954958373512e-11,1.529537802122438e-6,-1.1982303781132853e-8
7.89999999999998,-7.962839702866225e-12,-0.00016867149022263425,0.00014080370571925436,-2.6254792699636222e-11,1.5365944791207696e-6,-1.1880572981133597e-8
7.94999999999998,-7.996980906238747e-12,-0.00016797630800453878,0.00014035810014133675,-2.6180220973303323e-11,1.5431827298667782e-6,-1.1780445519256333e-8
7.99999999999998,-8.028789533976566e-12,-0.00016728517884532492,0.00013991669731446986,-2.6101371371477532e-11,1.5493208619395295e-6,-1.1681883815427459e-8
8.04999999999998,-8.058344051926721e-12,-0.00016659804109171166,0.0001394794314947484,-2.601837384165822e-11,1.555024016945769e-6,-1.1584851252832793e-8
8.09999999999998,-8.085731485846837e-12,-0.00016591483489146596,0.00013904623836382638,-2.593135656756726e-11,1.5603089883038874e-6,-1.1489312457533315e-8
8.14999999999998,-8.111018888369839e-12,-0.00016523550213295846,0.00013861705498915836,-2.5840446016818666e-11,1.5651887152051036e-6,-1.1395232914061283e-8
8.199999999999982,-8.13429613855688e-12,-0.0001645599863869787,0.0001381918197856273,-2.574576710776245e-11,1.5696805416716902e-6,-1.1302579336922112e-8
8.249999999999982,-8.155620302478533e-12,-0.00016388823285037128,0.0001377704724784721,-2.5647442279926172e-11,1.5737954797812798e-6,-1.1211319174517665e-8
8.299999999999983,-8.175072699285368e-12,-0.00016322018829173144,0.0001373529540673986,-2.5545592947939654e-11,1.5775492217445005e-6,-1.1121421008566338e-8
8.349999999999984,-8.19272180826207e-12,-0.0001625558009989274,0.00013693920679193287,-2.5440337880766464e-11,1.5809549820545114e-6,-1.1032854183576964e-8
8.399999999999984,-8.208620415523922e-12,-0.00016189502072839123,0.00013652917409784623,-2.5331794393445472e-11,1.5840229468831238e-6,-1.0945589016750357e-8
8.449999999999985,-8.222846986917963e-12,-0.00016123779865632182,0.00013612280060477957,-2.5220077632045908e-11,1.5867682578370832e-6,-1.0859596672753956e-8
8.499999999999986,-8.235454308559473e-12,-0.00016058408733116584,0.00013572003207482121,-2.510530083585052e-11,1.5892011010882e-6,-1.0774848995887334e-8
8.549999999999986,-8.246500873170791e-12,-0.00015993384062828163,0.0001353208153821598,-2.498757519434657e-11,1.591332764016049e-6,-1.0691318854316387e-8
8.599999999999987,-8.25605088008131e-12,-0.000159287013705636,0.0001349250984837062,-2.486700994256517e-11,1.5931756352079664e-6,-1.06089797162587e-8
8.649999999999988,-8.26414855549573e-12,-0.0001586435629613071,0.00013453283039059695,-2.474371231341162e-11,1.5947382490241192e-6,-1.0527805718776179e-8
8.699999999999989,-8.270856672091675e-12,-0.00015800344599244248,0.00013414396114072122,-2.4617787370821573e-11,1.5960327187499028e-6,-1.044777206079834e-8
8.74999999999999,-8.27623086928796e-12,-0.00015736662155542132,0.00013375844177201208,-2.4489338414953196e-11,1.5970697811610103e-6,-1.0368854142048939e-8
8.79999999999999,-8.280302533423399e-12,-0.00015673304952757734,0.00013337622429657528,-2.4358466433986025e-11,1.59785549290014e-6,-1.0291028535195854e-8
8.84999999999999,-8.28313729047915e-12,-0.00015610269087015427,0.0001329972616757286,-2.422527067615692e-11,1.5984025178565696e-6,-1.0214272046010428e-8
8.899999999999991,-8.28476938009756e-12,-0.0001554755075924942,0.00013262150779571854,-2.4089848077724127e-11,1.5987174632768796e-6,-1.013856239007226e-8
8.949999999999992,-8.285253015045673e-12,-0.00015485146271742694,0.00013224891744421807,-2.3952293715829062e-11,1.598810790634821e-6,-1.0063877716967075e-8
8.999999999999993,-8.28463099487642e-12,-0.00015423052024800038,0.0001318794462875596,-2.3812700832331138e-11,1.598690758988619e-6,-9.990196931969515e-9
9.049999999999994,-8.282934705928614e-12,-0.0001536126451351214,0.00013151305084865123,-2.3671160285606665e-11,1.5983634249809716e-6,-9.917499357988899e-9
9.099999999999994,-8.280215507665773e-12,-0.00015299780324643184,0.0001311496884855569,-2.352776119408927e-11,1.5978386994817492e-6,-9.845764905951591e-9
9.149999999999995,-8.276500506471422e-12,-0.0001523859613362348,0.00013078931737077929,-2.338259079326092e-11,1.5971218132278275e-6,-9.774974094262437e-9
9.199999999999996,-8.271842488460837e-12,-0.00015177708701636806,0.00013043189647103884,-2.3235734125799125e-11,1.5962229523910163e-6,-9.705107874031366e-9
9.249999999999996,-8.26626713336578e-12,-0.00015117114872816752,0.00013007738552783989,-2.3087274470603883e-11,1.5951470724062519e-6,-9.6361478210856e-9
9.299999999999997,-8.25981724073918e-12,-0.0001505681157153181,0.00012972574503844223,-2.293729293760556e-11,1.5939024323317585e-6,-9.568075840958243e-9
9.349999999999998,-8.252522770268088e-12,-0.00014996795799763173,0.0001293769362375089,-2.2785869230479492e-11,1.5924948135082932e-6,-9.500874337698556e-9
9.399999999999999,-8.244413681639556e-12,-0.00014937064634571866,0.0001290309210792723,-2.2633080764757212e-11,1.5909299972766142e-6,-9.434526318931151e-9
9.45,-8.235522787844162e-12,-0.00014877615225652332,0.0001286876622201503,-2.2479003311366918e-11,1.58921431558136e-6,-9.369015109409774e-9
9.5,-8.225881475220723e-12,-0.00014818444792974445,0.0001283471230019926,-2.23237104245975e-11,1.587353825065229e-6,-9.304324484048915e-9
9.55,-8.215523983411584e-12,-0.0001475955062448661,0.00012800926743570832,-2.2167274228647994e-11,1.5853551329748015e-6,-9.24043870088355e-9
9.600000000000001,-8.204474565496737e-12,-0.0001470093007392557,0.00012767406018542726,-2.2009765226948905e-11,1.583222919443071e-6,-9.177342260809941e-9
9.650000000000002,-8.19275462125265e-12,-0.00014642580558671574,0.00012734146655308723,-2.1851251491777966e-11,1.5809613139991505e-6,-9.11502018698454e-9
9.700000000000003,-8.180404096928722e-12,-0.0001458449955769827,0.00012701145246348154,-2.1691799808332032e-11,1.5785780250973832e-6,-9.053457949146672e-9
9.750000000000004,-8.16743155243554e-12,-0.00014526684609575408,0.0001266839844497081,-2.1531475579387746e-11,1.5760747045494135e-6,-8.992641145350987e-9
9.800000000000004,-8.153882640629562e-12,-0.0001446913331055512,0.00012635902963905617,-2.137034158589033e-11,1.5734601620173487e-6,-8.932556035232304e-9
9.850000000000005,-8.139763068117848e-12,-0.00014411843312703873,0.00012603655573929562,-2.1208459941409737e-11,1.5707354987089518e-6,-8.873188973401551e-9
9.900000000000006,-8.12510707454274e-12,-0.0001435481232211656,0.00012571653102527318,-2.104589032836314e-11,1.5679073218708026e-6,-8.814526743488454e-9
9.950000000000006,-8.109926073118352e-12,-0.0001429803809717573,0.0001253989243260316,-2.08826914281048e-11,1.5649778339184277e-6,-8.756556532825421e-9
10.000000000000007,-8.094257156790558e-12,-0.00014241518446884388,0.00012508370501213334,-2.0718919776854182e-11,1.5619541927022889e-6,-8.699265694953051e-9
10.050000000000008,-8.078103178862889e-12,-0.00014185251229238756,0.00012477084298342364,-2.0554630766758853e-11,1.5588369488262681e-6,-8.64264201102128e-9
10.100000000000009,-8.061498378977686e-12,-0.0001412923434966495,0.00012446030865711688,-2.0389878264537188e-11,1.5556327095369447e-6,-8.586673546349434e-9
10.15000000000001,-8.044454170349066e-12,-0.0001407346575951044,0.00012415207295619264,-2.0224714516139043e-11,1.5523436772498458e-6,-8.53134855631748e-9
10.20000000000001,-8.026999086012314e-12,-0.00014017943454584865,0.00012384610729809838,-2.005918995606711e-11,1.5489753580037876e-6,-8.476655682064516e-9
10.25000000000001,-8.009131699315666e-12,-0.00013962665473746803,0.00012354238358382275,-1.9893354256109486e-11,1.5455274764968293e-6,-8.422583841526457e-9
10.300000000000011,-7.990891956508526e-12,-0.00013907629897535312,0.00012324087418717186,-1.9727255419616086e-11,1.542007741183315e-6,-8.369122156523436e-9
10.350000000000012,-7.972281284242655e-12,-0.00013852834846857988,0.00012294155194439492,-1.9560939209462692e-11,1.538416427365184e-6,-8.316260078364626e-9
10.400000000000013,-7.95332821555334e-12,-0.00013798278481714978,0.00012264439014410245,-1.9394451436194756e-11,1.534759041081254e-6,-8.263987190631865e-9
10.450000000000014,-7.934029897137057e-12,-0.00013743958999971466,0.000122349362517368,-1.9227836146580226e-11,1.5310350317276434e-6,-8.212293470038698e-9
10.500000000000014,-7.914424848591438e-12,-0.0001368987463616216,0.00012205644322820477,-1.906113500390393e-11,1.5272518324567538e-6,-8.161169045900127e-9
10.550000000000015,-7.894505936657664e-12,-0.00013636023660347962,0.00012176560686419347,-1.889438986212935e-11,1.523408066758882e-6,-8.11060420549941e-9
10.600000000000016,-7.87430454767455e-12,-0.00013582404377004325,0.00012147682842744099,-1.8727640096397532e-11,1.5195097912767255e-6,-8.060589653646061e-9
10.650000000000016,-7.85381925499033e-12,-0.0001352901512394327,0.00012119008332571006,-1.8560925129519177e-11,1.515556730708344e-6,-8.011116166273258e-9
10.700000000000017,-7.833081444943822e-12,-0.0001347585427128478,0.0001209053473638098,-1.8394281762473566e-11,1.5115549416964351e-6,-7.962174734257258e-9
10.750000000000018,-7.812086837579732e-12,-0.0001342292022044472,0.00012062259673522559,-1.8227746605561325e-11,1.5075035983351774e-6,-7.913756609495993e-9
10.800000000000018,-7.790849699415704e-12,-0.0001337021140317586,0.00012034180801390015,-1.8061355125011192e-11,1.5034054536439782e-6,-7.865853230912268e-9
10.85000000000002,-7.769391430228203e-12,-0.00013317726280625118,0.00012006295814633785,-1.7895140641917103e-11,1.4992646371519504e-6,-7.818456215238044e-9
10.90000000000002,-7.747714883320756e-12,-0.0001326546334243137,0.00011978602444380825,-1.7729136906399944e-11,1.4950816994629754e-6,-7.771557393714684e-9
10.95000000000002,-7.725834325211009e-12,-0.00013213421105846617,0.00011951098457477391,-1.756337523742784e-11,1.4908593935964621e-6,-7.72514868220553e-9
11.000000000000021,-7.703761169113074e-12,-0.0001316159811489855,0.00011923781655755304,-1.7397886620281264e-11,1.4865999219679362e-6,-7.679222344602818e-9
11.050000000000022,-7.681509681544598e-12,-0.0001310999293957193,0.00011896649875313626,-1.723270046714185e-11,1.4823060375968069e-6,-7.633770639703039e-9
11.100000000000023,-7.659071302594991e-12,-0.00013058604175012232,0.00011869700985816964,-1.7067845951842908e-11,1.4779760886714286e-6,-7.588786159261167e-9
11.150000000000023,-7.636485978513657e-12,-0.0001300743044077352,0.00011842932889813296,-1.690335086579755e-11,1.4736177836461447e-6,-7.544261576130501e-9
11.200000000000024,-7.61372517626531e-12,-0.0001295647038006745,0.00011816343522071023,-1.6739241522659346e-11,1.469225616482139e-6,-7.500189751490256e-9
11.250000000000025,-7.590830268751113e-12,-0.00012905722659064796,0.00011789930848927144,-1.6575544236081886e-11,1.4648075709356951e-6,-7.456563530039775e-9
11.300000000000026,-7.567799829319303e-12,-0.00012855185966198068,0.00011763692867656506,-1.641228355594123e-11,1.460363371704872e-6,-7.413376274184938e-9
11.350000000000026,-7.54463671127341e-12,-0.00012804859011499305,0.00011737627605855213,-1.6249483841434813e-11,1.4558935693935522e-6,-7.370621112794476e-9
11.400000000000027,-7.521345194568725e-12,-0.00012754740525949495,0.00011711733120835492,-1.6087168260018496e-11,1.4513989899075573e-6,-7.3282915871134176e-9
11.450000000000028,-7.497953812240538e-12,-0.00012704829260868256,0.00011686007499044504,-1.5925358739736932e-11,1.4468851392857047e-6,-7.28638118807981e-9
11.500000000000028,-7.474448297771202e-12,-0.0001265512398730437,0.00011660448855484686,-1.5764077160965105e-11,1.4423492645085854e-6,-7.244883676381202e-9
11.55000000000003,-7.450840064374833e-12,-0.00012605623495453439,0.00011635055333160164,-1.5603344212336444e-11,1.4377935679917264e-6,-7.203792946468583e-9
11.60000000000003,-7.427141951917311e-12,-0.00012556326594099183,0.0001160982510252974,-1.544317920006417e-11,1.433220527452595e-6,-7.163102913772257e-9
11.65000000000003,-7.403358240353928e-12,-0.00012507232110071906,0.00011584756360973453,-1.5283601954727794e-11,1.4286309687970138e-6,-7.122807653344191e-9
11.700000000000031,-7.37949748959527e-12,-0.00012458338887716053,0.00011559847332276053,-1.5124630400120328e-11,1.4240265438366279e-6,-7.082901494183608e-9
11.750000000000032,-7.355551139730753e-12,-0.00012409645788391747,0.00011535096266116156,-1.4966282174016823e-11,1.419405600759792e-6,-7.043378620304793e-9
11.800000000000033,-7.331554857054482e-12,-0.00012361151689981736,0.00011510501437575193,-1.4808574294486705e-11,1.414775022115027e-6,-7.004233671629046e-9
11.850000000000033,-7.30748866844176e-12,-0.00012312855486407758,0.00011486061146652174,-1.4651522778536504e-11,1.410130953675162e-6,-6.96546104527059e-9
11.900000000000034,-7.283362560454933e-12,-0.00012264756087188283,0.00011461773717792335,-1.4495143309485108e-11,1.4054753225537812e-6,-6.927055562510644e-9
11.950000000000035,-7.259189372959885e-12,-0.0001221685241697626,0.00011437637499426916,-1.4339450664927823e-11,1.4008106064683535e-6,-6.889011883436666e-9
12.000000000000036,-7.234967679304849e-12,-0.00012169143415146559,0.0001141365086352269,-1.4184459336441983e-11,1.3961365301169374e-6,-6.851325079590843e-9
12.050000000000036,-7.210710319355704e-12,-0.0001212162803536852,0.0001138981220514205,-1.4030182576193701e-11,1.3914555712170008e-6,-6.813989928181573e-9
12.100000000000037,-7.186413013157157e-12,-0.0001207430524522391,0.00011366119942017847,-1.3876633064313142e-11,1.3867669038627208e-6,-6.777001744994685e-9
12.150000000000038,-7.1620800406645015e-12,-0.00012027174025790622,0.00011342572514127819,-1.372382443432372e-11,1.3820713539599198e-6,-6.7403555744402054e-9
12.200000000000038,-7.137728521698909e-12,-0.00011980233371291711,0.0001131916838329095,-1.3571767268890461e-11,1.3773722251318882e-6,-6.704046684246701e-9
12.250000000000039,-7.113345616394502e-12,-0.0001193348228873076,0.00011295906032765971,-1.342047281805366e-11,1.3726670396611583e-6,-6.668070566111803e-9
12.30000000000004,-7.0889470179206865e-12,-0.0001188691979752949,0.00011272783966855376,-1.3269952141174966e-11,1.3679588258690794e-6,-6.632422621798573e-9
12.35000000000004,-7.064537006232756e-12,-0.00011840544929197368,0.00011249800710533048,-1.312021629761603e-11,1.3632484096614737e-6,-6.597098461480835e-9
12.400000000000041,-7.040115581330712e-12,-0.00011794356727000031,0.00011226954809061692,-1.2971273200540788e-11,1.3585357910383415e-6,-6.56209362163377e-9
12.450000000000042,-7.015684169866317e-12,-0.00011748354245647721,0.00011204244827634815,-1.2823133146596294e-11,1.3538212453016235e-6,-6.527403903033944e-9
12.500000000000043,-6.9912413451878065e-12,-0.00011702536550988267,0.00011181669351014889,-1.2675804620982431e-11,1.3491044971493785e-6,-6.493025101009806e-9
12.550000000000043,-6.966807080419883e-12,-0.00011656902719704059,0.00011159226983189063,-1.2529295727541791e-11,1.344389400808779e-6,-6.458953136115157e-9
12.600000000000044,-6.9423799489107806e-12,-0.0001161145183902758,0.00011136916347025798,-1.238361399808101e-11,1.3396756809778832e-6,-6.425183855150946e-9
12.650000000000045,-6.917947110794621e-12,-0.00011566183006473758,0.0001111473608394292,-1.2238766869067403e-11,1.3349608599392244e-6,-6.3917134702129366e-9
12.700000000000045,-6.8935271125443406e-12,-0.00011521095329557214,0.00011092684853580884,-1.2094761109593018e-11,1.330248516618033e-6,-6.3585379195003205e-9
12.750000000000046,-6.8691199541599395e-12,-0.00011476187925544872,0.00011070761333485477,-1.1951603298071245e-11,1.325538651014309e-6,-6.3256535247488074e-9
12.800000000000047,-6.844717075730831e-12,-0.00011431459921198025,0.00011048964218793735,-1.180929915486156e-11,1.3208296113164073e-6,-6.2930564468527145e-9
12.850000000000048,-6.820341303685245e-12,-0.00011386910452533796,0.00011027292221932677,-1.1667854877020058e-11,1.3161258023553816e-6,-6.260743078156418e-9
12.900000000000048,-6.7959897847196536e-12,-0.00011342538664586034,0.00011005744072319087,-1.152727446879837e-11,1.3114266735273502e-6,-6.228709708276138e-9
12.950000000000049,-6.77165395892347e-12,-0.00011298343711181609,0.00010984318516069088,-1.1387564031913271e-11,1.3067305730206678e-6,-6.196952935419138e-9
13.00000000000005,-6.74733953290375e-12,-0.00011254324754723856,0.00010963014315709057,-1.1248727761295037e-11,1.3020386020430977e-6,-6.165469131167323e-9
13.05000000000005,-6.723055066571083e-12,-0.00011210480965970584,0.00010941830249905333,-1.1110769470516652e-11,1.297352412406285e-6,-6.1342550034763216e-9
13.100000000000051,-6.698800559925466e-12,-0.00011166811523834053,0.00010920765113180325,-1.0973692782472451e-11,1.29267200411023e-6,-6.103307071325323e-9
13.150000000000052,-6.674577439618665e-12,-0.00011123315615190666,0.00010899817715653348,-1.0837501320056765e-11,1.287997652456873e-6,-6.072622130219281e-9
13.200000000000053,-6.650391412257737e-12,-0.00011079992434666966,0.00010878986882776417,-1.0702198324806628e-11,1.2833304586539778e-6,-6.042196916357292e-9
13.250000000000053,-6.62622535802151e-12,-0.00011036841184477866,0.00010858271455076293,-1.0567786942919753e-11,1.278667119078254e-6,-6.012028273545515e-9
13.300000000000054,-6.6021078099452704e-12,-0.00010993861074224042,0.0001083767028790767,-1.0434269176521957e-11,1.2740131397685186e-6,-5.982112961130763e-9
13.350000000000055,-6.578024501511375e-12,-0.00010951051320736453,0.00010817182251206519,-1.0301647409096349e-11,1.2693657677053632e-6,-5.9524480332815224e-9
13.400000000000055,-6.553983992630411e-12,-0.00010908411147894566,0.00010796806229247998,-1.0169923070732802e-11,1.2647266547004326e-6,-5.9230304192390854e-9
13.450000000000056,-6.529989136605905e-12,-0.00010865939786469723,0.00010776541120414275,-1.0039098830932401e-11,1.2600963513576084e-6,-5.893857125087573e-9
13.500000000000057,-6.506034226830801e-12,-0.00010823636473965631,0.00010756385836964357,-9.90917478503447e-12,1.2554737564691277e-6,-5.86492525657639e-9
13.550000000000058,-6.4821164100015694e-12,-0.00010781500454458012,0.00010736339304804189,-9.780153507200776e-12,1.2508583194311085e-6,-5.836231995945407e-9
13.600000000000058,-6.458255659242912e-12,-0.0001073953097846107,0.00010716400463274024,-9.652034520734691e-12,1.2462538944707225e-6,-5.807774341418277e-9
13.650000000000059,-6.434443414644242e-12,-0.00010697727302771693,0.0001069656826492311,-9.524819637083384e-12,1.2416588297763247e-6,-5.7795497416775546e-9
13.70000000000006,-6.410676822902032e-12,-0.00010656088690337643,0.00010676841675307422,-9.398508284210908e-12,1.2370725747440338e-6,-5.7515553354594955e-9
13.75000000000006,-6.386954457364516e-12,-0.00010614614410112025,0.00010657219672773806,-9.273100843474563e-12,1.2324948540719083e-6,-5.723788508806872e-9
13.800000000000061,-6.363301997763453e-12,-0.00010573303736941439,0.00010637701248261836,-9.148597982249617e-12,1.2279306231948836e-6,-5.696246501015693e-9
13.850000000000062,-6.339685204456499e-12,-0.00010532155951424469,0.00010618285405103669,-9.024998747142826e-12,1.2233732748663796e-6,-5.6689269500431044e-9
13.900000000000063,-6.316126903871882e-12,-0.00010491170339795249,0.00010598971158829404,-8.902302852136218e-12,1.2188272139174496e-6,-5.641827000588476e-9
13.950000000000063,-6.2926270960096035e-12,-0.00010450346193805637,0.00010579757536973207,-8.780509915872492e-12,1.2142924403480935e-6,-5.61494438593743e-9
14.000000000000064,-6.269174367655549e-12,-0.0001040968281060651,0.00010560643578892683,-8.659618126904484e-12,1.2097667517427852e-6,-5.5882764950329795e-9
14.050000000000065,-6.245785838630889e-12,-0.00010369179492648474,0.00010541628335576383,-8.539627389892868e-12,1.205253451724814e-6,-5.5618209565894486e-9
14.100000000000065,-6.22246293558739e-12,-0.00010328835547558026,0.00010522710869472645,-8.420536465426425e-12,1.200752815596121e-6,-5.5355753933580484e-9
14.150000000000066,-6.199184258748585e-12,-0.00010288650288045675,0.00010503890254306389,-8.302343637397312e-12,1.1962607138275937e-6,-5.509537367781245e-9
14.200000000000067,-6.175975487846232e-12,-0.0001024862303180038,0.00010485165574911316,-8.18504699901904e-12,1.191782101854167e-6,-5.483704632091094e-9
14.250000000000068,-6.152825209666218e-12,-0.0001020875310139424,0.00010466535927058006,-8.068645978255659e-12,1.1873147772603146e-6,-5.458074883496391e-9
14.300000000000068,-6.129734850860307e-12,-0.00010169039824183775,0.00010448000417288388,-7.953137905606083e-12,1.182859015347977e-6,-5.432645887456459e-9
14.350000000000069,-6.106702984776733e-12,-0.00010129482532220046,0.0001042955816275178,-7.838520683605173e-12,1.1784145408152133e-6,-5.4074154121411255e-9
14.40000000000007,-6.0837324647190265e-12,-0.00010090080562168473,0.00010411208291048204,-7.72479250080576e-12,1.1739819042659056e-6,-5.3823812984159745e-9
14.45000000000007,-6.0608361305530654e-12,-0.00010050833255204696,0.00010392949940069,-7.61195049702811e-12,1.1695635834175207e-6,-5.35754135009398e-9
14.500000000000071,-6.03799400915415e-12,-0.00010011739956947803,0.00010374782257844117,-7.499993242182351e-12,1.1651557240428876e-6,-5.332893535163431e-9
14.550000000000072,-6.015228926950509e-12,-9.972800017369886e-5,0.000103567044023914,-7.388917399392126e-12,1.1607627309730592e-6,-5.3084356721553455e-9
14.600000000000072,-5.992512350906855e-12,-9.934012790725553e-5,0.00010338715541568632,-7.278720299156346e-12,1.156379098169219e-6,-5.284165901256422e-9
14.650000000000073,-5.969871387406712e-12,-9.895377635460922e-5,0.00010320814852930595,-7.1693991766346e-12,1.152010056368243e-6,-5.260081954424137e-9
14.700000000000074,-5.9473031831465506e-12,-9.856893914160821e-5,0.00010303001523583855,-7.060951648343775e-12,1.147655054966249e-6,-5.236181976100681e-9
14.750000000000075,-5.924792044956963e-12,-9.818560993462917e-5,0.000102852747500487,-6.953374377407509e-12,1.1433110656418885e-6,-5.212464043670342e-9
14.800000000000075,-5.902343679445006e-12,-9.780378243987228e-5,0.00010267633738122015,-6.846664408306742e-12,1.1389791896029246e-6,-5.188926200608984e-9
14.850000000000076,-5.879975206431853e-12,-9.742345040279349e-5,0.00010250077702744872,-6.740817927468492e-12,1.134662730472647e-6,-5.165566429812677e-9
14.900000000000077,-5.8576652261410376e-12,-9.704460760737976e-5,0.00010232605867866452,-6.635831884034373e-12,1.1303575587219435e-6,-5.142383047867811e-9
14.950000000000077,-5.835428005090204e-12,-9.666724787550421e-5,0.00010215217466318215,-6.531703417824648e-12,1.1260664273702224e-6,-5.1193740545569036e-9
15.000000000000078,-5.8132578366722945e-12,-9.629136506637831e-5,0.0001019791173968788,-6.428429001284307e-12,1.1217882352097203e-6,-5.0965377213093264e-9
15.050000000000079,-5.791163280797895e-12,-9.591695307588982e-5,0.00010180687938188871,-6.326004058125774e-12,1.117524634052082e-6,-5.0738721761958185e-9
15.10000000000008,-5.769128644297598e-12,-9.554400583606655e-5,0.00010163545320545728,-6.224425632829986e-12,1.1132725955759587e-6,-5.051375775565886e-9
15.15000000000008,-5.7471624870819896e-12,-9.517251731447414e-5,0.00010146483153867525,-6.12369010250261e-12,1.1090337715929954e-6,-5.0290466159941954e-9
15.200000000000081,-5.72527479571342e-12,-9.480248151374248e-5,0.00010129500713533749,-6.023793176874041e-12,1.1048100892167776e-6,-5.006883084892645e-9
15.250000000000082,-5.703458436933068e-12,-9.443389247092657e-5,0.00010112597283078532,-5.924731900425218e-12,1.1006001719376015e-6,-4.984883454747704e-9
15.300000000000082,-5.681707704133876e-12,-9.406674425711281e-5,0.00010095772154072417,-5.826500838814641e-12,1.0964029185477034e-6,-4.963046045208634e-9
15.350000000000083,-5.660029730574665e-12,-9.37010309768853e-5,0.00010079024626016812,-5.729097227201898e-12,1.0922197055567877e-6,-4.941369301963202e-9
15.400000000000084,-5.6384159563448495e-12,-9.333674676774103e-5,0.00010062354006231101,-5.632517156674683e-12,1.0880488811532092e-6,-4.919851521269008e-9
15.450000000000085,-5.6168763680067806e-12,-9.29738857997475e-5,0.00010045759609743574,-5.5367556695881166e-12,1.0838923724505542e-6,-4.8984910569547895e-9
15.500000000000085,-5.595406685605164e-12,-9.261244227502899e-5,0.00010029240759189842,-5.441808475672596e-12,1.0797493535429996e-6,-4.877286325841428e-9
15.550000000000086,-5.574009762443529e-12,-9.225241042736726e-5,0.00010012796784704366,-5.347672714748383e-12,1.0756203750344275e-6,-4.856235959692888e-9
15.600000000000087,-5.552691305128933e-12,-9.189378452168497e-5,9.996427023821624e-5,-5.254342189759382e-12,1.0715065381326011e-6,-4.835338106502123e-9
15.650000000000087,-5.531441327099025e-12,-9.153655885368909e-5,9.980130821374806e-5,-5.161813468489909e-12,1.0674059157239344e-6,-4.814591531552594e-9
15.700000000000088,-5.510254121746749e-12,-9.118072774951423e-5,9.963907529394549e-5,-5.070083690760228e-12,1.0633174066006644e-6,-4.793994668090846e-9
15.750000000000089,-5.489145382241511e-12,-9.082628556514626e-5,9.947756507017686e-5,-4.97914580146032e-12,1.0592440390841397e-6,-4.773545876233989e-9
15.80000000000009,-5.468103695369198e-12,-9.047322668625966e-5,9.93167712038644e-5,-4.888996749731801e-12,1.0551836107588345e-6,-4.753243959266769e-9
15.85000000000009,-5.447144754299217e-12,-9.012154552765541e-5,9.915668742558412e-5,-4.799632340644389e-12,1.0511391499460973e-6,-4.7330871975361215e-9
15.900000000000091,-5.426251439210395e-12,-8.977123653308703e-5,9.89973075341399e-5,-4.711047425874559e-12,1.0471073530226382e-6,-4.713074433412281e-9
15.950000000000092,-5.405435163316849e-12,-8.942229417464985e-5,9.88386253956361e-5,-4.623237047777433e-12,1.0430904224039841e-6,-4.6932040975939185e-9
16.000000000000092,-5.384680233449168e-12,-8.907471295272968e-5,9.868063494262312e-5,-4.536197583458679e-12,1.0390853297687853e-6,-4.673474912836664e-9
16.050000000000093,-5.364009476035585e-12,-8.87284873954494e-5,9.852333017320219e-5,-4.4499244566307176e-12,1.035096479948096e-6,-4.653885426607763e-9
16.100000000000094,-5.343400064647868e-12,-8.83836120583834e-5,9.8366705150168e-5,-4.364412137612724e-12,1.031119468110862e-6,-4.634434323119458e-9
16.150000000000095,-5.322864839151897e-12,-8.804008152434946e-5,9.821075400019406e-5,-4.27965605011712e-12,1.0271567719745515e-6,-4.615120300895462e-9
16.200000000000095,-5.302409506154729e-12,-8.76978904029779e-5,9.805547091293432e-5,-4.195653333964169e-12,1.0232094927469271e-6,-4.5959420278307746e-9
16.250000000000096,-5.282019799138721e-12,-8.735703333045183e-5,9.790085014029244e-5,-4.112397124722502e-12,1.0192748774085813e-6,-4.5768981723082885e-9
16.300000000000097,-5.261695718103873e-12,-8.701750496922473e-5,9.774688599554005e-5,-4.02988303678319e-12,1.0153529259595135e-6,-4.55798752994202e-9
16.350000000000097,-5.241451529567828e-12,-8.667930000772655e-5,9.759357285259991e-5,-3.94810763793055e-12,1.0114463914191322e-6,-4.53920874829818e-9
16.400000000000098,-5.221277246968237e-12,-8.634241316010695e-5,9.744090514519763e-5,-3.867064254411861e-12,1.0075533466738516e-6,-4.5205606962286406e-9
16.4500000000001,-5.2011771502603905e-12,-8.600683916587572e-5,9.728887736615405e-5,-3.786750407404685e-12,1.003674617629494e-6,-4.5020420506814915e-9
16.5000000000001,-5.18115123944429e-12,-8.567257278976873e-5,9.713748406660401e-5,-3.707159423156305e-12,9.998102042860599e-7,-4.483651614589114e-9
16.5500000000001,-5.161188101305821e-12,-8.53396088214055e-5,9.698671985527044e-5,-3.6282884414869815e-12,9.95957904228022e-7,-4.465388235173548e-9
16.6000000000001,-5.14130628231792e-12,-8.500794207502099e-5,9.683657939772285e-5,-3.5501300259294004e-12,9.921212963806117e-7,-4.44725062036396e-9
16.6500000000001,-5.121492942614707e-12,-8.467756738931441e-5,9.668705741568487e-5,-3.4726816976611233e-12,9.882979030263612e-7,-4.429237676390092e-9
16.700000000000102,-5.101749508847947e-12,-8.434847962711245e-5,9.653814868629291e-5,-3.3959369736080804e-12,9.844879994672113e-7,-4.41134824228826e-9
16.750000000000103,-5.082083114276461e-12,-8.402067367517825e-5,9.638984804144775e-5,-3.319892802911885e-12,9.80692962212866e-7,-4.393581159995016e-9
16.800000000000104,-5.062482345686136e-12,-8.369414444403433e-5,9.62421503670977e-5,-3.2445436558917126e-12,9.769105888477993e-7,-4.375935335387739e-9
16.850000000000104,-5.042948629728734e-12,-8.336888686758606e-5,9.609505060257955e-5,-3.169883621509442e-12,9.731411546739516e-7,-4.358409558171544e-9
16.900000000000105,-5.0234990862254294e-12,-8.3044895903076e-5,9.594854373996108e-5,-3.0959086955134406e-12,9.693879633146126e-7,-4.341002839093264e-9
16.950000000000106,-5.004103755489169e-12,-8.272216653080992e-5,9.580262482339593e-5,-3.022615445688025e-12,9.656452334290254e-7,-4.3237140117682e-9
17.000000000000107,-4.984792597207005e-12,-8.240069375390866e-5,9.565728894845538e-5,-2.949996816923178e-12,9.619187463579469e-7,-4.3065420497821576e-9
17.050000000000107,-4.965544211602473e-12,-8.208047259812825e-5,9.55125312615364e-5,-2.878049567681864e-12,9.582043725722652e-7,-4.289485829630634e-9
17.100000000000108,-4.946364305282629e-12,-8.176149811171452e-5,9.536834695921194e-5,-2.8067672148900137e-12,9.545032132797433e-7,-4.272544403991982e-9
17.15000000000011,-4.927272851372174e-12,-8.144376536511769e-5,9.522473128763605e-5,-2.7361478517611356e-12,9.508191227075529e-7,-4.255716592874766e-9
17.20000000000011,-4.908232756925236e-12,-8.112726945090104e-5,9.508167954191218e-5,-2.666184423185212e-12,9.471449430052323e-7,-4.239001467226146e-9
17.25000000000011,-4.889269701673572e-12,-8.081200548349278e-5,9.493918706556397e-5,-2.5968717808387184e-12,9.434856296077165e-7,-4.222398005293993e-9
17.30000000000011,-4.8703751257065965e-12,-8.049796859900618e-5,9.4797249249887e-5,-2.5282068738632676e-12,9.398395307033606e-7,-4.205905168249997e-9
17.35000000000011,-4.851554735631368e-12,-8.018515395506845e-5,9.465586153342843e-5,-2.460184553935334e-12,9.362077474999279e-7,-4.189521945292471e-9
17.400000000000112,-4.832799971537298e-12,-7.987355673074935e-5,9.451501940133586e-5,-2.3927985286594963e-12,9.325886281857733e-7,-4.173247493427122e-9
17.450000000000113,-4.8141136867279175e-12,-7.956317212617603e-5,9.437471838489495e-5,-2.3260463192133163e-12,9.289827233647788e-7,-4.157080676762438e-9
17.500000000000114,-4.795504441113811e-12,-7.925399536255585e-5,9.423495406096666e-5,-2.2599210611654262e-12,9.25391684848589e-7,-4.14102059944927e-9
17.550000000000114,-4.776952261570278e-12,-7.894602168198235e-5,9.409572205137088e-5,-2.194420085014738e-12,9.218116584100322e-7,-4.125066332949772e-9
17.600000000000115,-4.758482827829078e-12,-7.86392463471585e-5,9.395701802243346e-5,-2.1295372890444806e-12,9.182475994840439e-7,-4.109216945229546e-9
17.650000000000116,-4.740076166765508e-12,-7.833366464139377e-5,9.38188376844187e-5,-2.0652677156097763e-12,9.146956538434519e-7,-4.093471469126045e-9
17.700000000000117,-4.7217379849866275e-12,-7.802927186839311e-5,9.368117679102287e-5,-2.00160812317359e-12,9.111569226960199e-7,-4.077829050477691e-9
17.750000000000117,-4.7034654291889066e-12,-7.772606335204855e-5,9.354403113889232e-5,-1.938552219340502e-12,9.07630855437866e-7,-4.062288686424581e-9
17.800000000000118,-4.685264205979402e-12,-7.742403443640504e-5,9.340739656707721e-5,-1.876096953252125e-12,9.041185532767535e-7,-4.046849640278443e-9
17.85000000000012,-4.667128608751058e-12,-7.712318048540928e-5,9.327126895652973e-5,-1.8142366045489869e-12,9.006189150049194e-7,-4.031510841389632e-9
17.90000000000012,-4.649064344110931e-12,-7.682349688285842e-5,9.31356442296968e-5,-1.75296621558621e-12,8.971330418301267e-7,-4.016271586815669e-9
17.95000000000012,-4.631071412059022e-12,-7.652497903218608e-5,9.300051834993586e-5,-1.6922831168627072e-12,8.936609337523755e-7,-4.001130839734017e-9
18.00000000000012,-4.613141252684744e-12,-7.622762235635666e-5,9.286588732110746e-5,-1.6321804439471096e-12,8.90200938960021e-7,-3.986087892540128e-9
18.05000000000012,-4.595282425898682e-12,-7.593142229779703e-5,9.273174718709642e-5,-1.5726559086956283e-12,8.867547092647078e-7,-3.971141854480602e-9
18.100000000000122,-4.577489225093781e-12,-7.563637431815388e-5,9.259809403132823e-5,-1.513702455998246e-12,8.833211434586729e-7,-3.956291841225937e-9
18.150000000000123,-4.5597530903594535e-12,-7.534247389820812e-5,9.246492397633425e-5,-1.4553176070325241e-12,8.798985897302713e-7,-3.9415370765686925e-9
18.200000000000124,-4.542099701427458e-12,-7.504971653781505e-5,9.233223318331852e-5,-1.3974954507603402e-12,8.764920035144376e-7,-3.926876710142e-9
18.250000000000124,-4.524500525262507e-12,-7.47580977556817e-5,9.220001785167572e-5,-1.340232745644659e-12,8.730958787723557e-7,-3.912309953107464e-9
18.300000000000125,-4.5069755349893026e-12,-7.446761308930413e-5,9.206827421859305e-5,-1.2835239620046568e-12,8.697140697311969e-7,-3.897836030070795e-9
18.350000000000126,-4.489513317393728e-12,-7.417825809485043e-5,9.19369985586048e-5,-1.2273652862673508e-12,8.663443739754345e-7,-3.883454030166643e-9
18.400000000000126,-4.472116725779315e-12,-7.389002834699231e-5,9.180618718316677e-5,-1.1717523328238115e-12,8.629873421089503e-7,-3.869163332038744e-9
18.450000000000127,-4.454797173360176e-12,-7.360291943883674e-5,9.167583644024887e-5,-1.1166807160651093e-12,8.596451765472711e-7,-3.854963056155189e-9
18.500000000000128,-4.437528980404553e-12,-7.33169269818317e-5,9.154594271391887e-5,-1.062145096989069e-12,8.563129218554617e-7,-3.840852440457378e-9
18.55000000000013,-4.420332120037148e-12,-7.303204660559211e-5,9.14165024239441e-5,-1.0081420433800065e-12,8.529944322606939e-7,-3.826830795338517e-9
18.60000000000013,-4.403192325740316e-12,-7.274827395779723e-5,9.128751202535526e-5,-9.546669789503429e-13,8.496869547435593e-7,-3.8128972408872294e-9
18.65000000000013,-4.386129570638759e-12,-7.246560470417911e-5,9.115896800810772e-5,-9.017155180911487e-13,8.463943435312293e-7,-3.79905114856441e-9
18.70000000000013,-4.3691295882148324e-12,-7.218403452829443e-5,9.103086689666974e-5,-8.492830845148453e-13,8.43113845604296e-7,-3.785291768562942e-9
18.75000000000013,-4.352186671861481e-12,-7.190355913147593e-5,9.09032052495998e-5,-7.973668180416956e-13,8.39844359754996e-7,-3.771618368314522e-9
18.800000000000132,-4.335315088096346e-12,-7.162417423271259e-5,9.077597965923404e-5,-7.459611889908756e-13,8.365886390027374e-7,-3.7580301399530065e-9
18.850000000000133,-4.318503423705313e-12,-7.134587556857258e-5,9.06491867512651e-5,-6.950621931107537e-13,8.333444809319937e-7,-3.744526463097912e-9
18.900000000000134,-4.301771651813084e-12,-7.106865889313484e-5,9.052282318437917e-5,-6.446648727564529e-13,8.301157397699365e-7,-3.731106630903633e-9
18.950000000000134,-4.285082679473784e-12,-7.079251997775216e-5,9.039688564990807e-5,-5.947667491055349e-13,8.268952576661041e-7,-3.7177698947285683e-9
19.000000000000135,-4.26847074632976e-12,-7.051745461113116e-5,9.027137087146488e-5,-5.453630551917716e-13,8.236896418670767e-7,-3.7045156017745905e-9
19.050000000000136,-4.251913025952781e-12,-7.024345859909541e-5,9.014627560458828e-5,-4.964488333702862e-13,8.204944875418008e-7,-3.6913430713253655e-9
19.100000000000136,-4.2354294914675475e-12,-6.997052776458828e-5,9.0021596636372e-5,-4.480212234613418e-13,8.17313648917448e-7,-3.6782515805161998e-9
19.150000000000137,-4.219003023052888e-12,-6.969865794752178e-5,8.989733078515671e-5,-4.0007469578411434e-13,8.141438223707284e-7,-3.66524056114384e-9
19.200000000000138,-4.2026421806193885e-12,-6.942784500471087e-5,8.977347490017754e-5,-3.5260619948021773e-13,8.109866597132872e-7,-3.6523091501020413e-9
19.25000000000014,-4.186332697649405e-12,-6.9158084809785e-5,8.965002586119808e-5,-3.05610776904775e-13,8.078394079257157e-7,-3.6394569413028804e-9
19.30000000000014,-4.17009169396411e-12,-6.888937325304267e-5,8.95269805782052e-5,-2.590857585566987e-13,8.04705370631304e-7,-3.6266830945709885e-9
19.35000000000014,-4.153910609652918e-12,-6.862170624148275e-5,8.940433599110255e-5,-2.1302675882705906e-13,8.015828960184074e-7,-3.6139870502683094e-9
19.40000000000014,-4.137795151322885e-12,-6.835507969859331e-5,8.928208906933824e-5,-1.6742977346422468e-13,7.984730852947888e-7,-3.6013681425049737e-9
19.45000000000014,-4.121748172277541e-12,-6.808948956433745e-5,8.916023681163033e-5,-1.222894634660204e-13,7.9537648906433e-7,-3.5888258023458915e-9
19.500000000000142,-4.105763965909828e-12,-6.78249317950562e-5,8.90387762455992e-5,-7.760449408190238e-14,7.922920061192679e-7,-3.5763593041074435e-9
19.550000000000143,-4.089816852487988e-12,-6.756140236332588e-5,8.891770442753107e-5,-3.3369335631046297e-14,7.892146810246674e-7,-3.563968187139232e-9
19.600000000000144,-4.073958191475537e-12,-6.729889725798955e-5,8.8797018441986e-5,1.0420206816828385e-14,7.901760131448324e-7,-3.5516516478306063e-9
19.650000000000144,-4.0581537432301315e-12,-6.703741248396285e-5,8.867671540156301e-5,5.376718412010749e-14,8.038556083855773e-7,-3.5394091315850505e-9
19.700000000000145,-4.0424063610553e-12,-6.677694406227693e-5,8.855679244657808e-5,9.6674837815826e-14,8.173766625658503e-7,-3.5272401119139894e-9
19.750000000000146,-4.02671889825457e-12,-6.651748802983586e-5,8.843724674474246e-5,1.3914850690615907e-13,8.307417868311417e-7,-3.5151440730624497e-9
19.800000000000146,-4.0110885015244155e-12,-6.625904043945372e-5,8.831807549091997e-5,1.8119009817759794e-13,8.439511664852876e-7,-3.503120124981763e-9
19.850000000000147,-3.995529437382477e-12,-6.600159735979754e-5,8.819927590678237e-5,2.2280437859637036e-13,8.570093943169897e-7,-3.4911679773225873e-9
19.900000000000148,-3.9800188794005265e-12,-6.57451548751619e-5,8.808084524058809e-5,2.639961151287043e-13,8.699139052644885e-7,-3.4792869343794938e-9
19.95000000000015,-3.964562534185621e-12,-6.548970908563158e-5,8.796278076682993e-5,3.0476740523974003e-13,8.826666100340365e-7,-3.467476500861825e-9
20.00000000000015,-3.9491832281659896e-12,-6.52352561067049e-5,8.784507978602906e-5,3.451220625024598e-13,8.95273385272122e-7,-3.455735997218764e-9
20.05000000000015,-3.9338552816098755e-12,-6.498179206950483e-5,8.772773962440557e-5,3.850639004898459e-13,9.077307473592451e-7,-3.444064899048825e-9
20.10000000000015,-3.918581547820805e-12,-6.472931312051085e-5,8.761075763363436e-5,4.24597304810828e-13,9.200409394870373e-7,-3.4324627066974374e-9
20.15000000000015,-3.903376293316425e-12,-6.447781542159605e-5,8.749413119056301e-5,4.637238008945989e-13,9.322073034010813e-7,-3.4209287644391267e-9
20.200000000000152,-3.888225251579089e-12,-6.422729514988434e-5,8.737785769697372e-5,5.024494904579305e-13,9.442294409866644e-7,-3.409462735818854e-9
20.250000000000153,-3.873134129215855e-12,-6.397774849774205e-5,8.726193457929049e-5,5.407755175727174e-13,9.561088949961805e-7,-3.398063838720277e-9
20.300000000000153,-3.8580915130126095e-12,-6.372917167262376e-5,8.71463592883259e-5,5.787081746343803e-13,9.678458915095706e-7,-3.386731696518666e-9
20.350000000000154,-3.8431259360046385e-12,-6.348156089706375e-5,8.703112929906904e-5,6.162484150361649e-13,9.7944630451951e-7,-3.3754656891316938e-9
20.400000000000155,-3.828203158549598e-12,-6.323491240864748e-5,8.691624211035755e-5,6.534004337083516e-13,9.909051457763974e-7,-3.364265341407758e-9
20.450000000000156,-3.813340300468659e-12,-6.29892224598147e-5,8.680169524469459e-5,6.901689976171684e-13,1.0022275586728164e-6,-3.3531302132149866e-9
20.500000000000156,-3.798531655154766e-12,-6.2744487317908e-5,8.668748624798492e-5,7.265542974412643e-13,1.0134125155917752e-6,-3.3420596073029628e-9
20.550000000000157,-3.783788635822033e-12,-6.250070326502719e-5,8.65736126892741e-5,7.625637696479548e-13,1.0244650889888988e-6,-3.3310531868100714e-9
20.600000000000158,-3.769096975952816e-12,-6.225786659805797e-5,8.646007216052263e-5,7.981972235585908e-13,1.035382452254007e-6,-3.3201103758352234e-9
20.65000000000016,-3.754462382154173e-12,-6.201597362845783e-5,8.634686227637418e-5,8.334611422472424e-13,1.0461682086811023e-6,-3.309230660276854e-9
20.70000000000016,-3.739887707729632e-12,-6.177502068234166e-5,8.623398067389467e-5,8.683545723206635e-13,1.0568225409202081e-6,-3.2984135450882506e-9
20.75000000000016,-3.7253615394650785e-12,-6.153500410030775e-5,8.61214250124e-5,9.028853316034683e-13,1.0673462637774392e-6,-3.2876586712629694e-9
20.80000000000016,-3.710895290574628e-12,-6.129592023747769e-5,8.600919297314317e-5,9.370551362034989e-13,1.0777422419852682e-6,-3.2769652693969385e-9
20.85000000000016,-3.696497520968866e-12,-6.105776546326526e-5,8.589728225916345e-5,9.708649395140004e-13,1.0880124953091983e-6,-3.2663331162800357e-9
20.900000000000162,-3.682133991005448e-12,-6.0820536161527696e-5,8.578569059502539e-5,1.004321415287692e-12,1.0981529921796608e-6,-3.2557617127726857e-9
20.950000000000163,-3.6678446469337765e-12,-6.0584228730317376e-5,8.567441572659309e-5,1.0374249448818723e-12,1.108171588232543e-6,-3.2452505202161443e-9
21.000000000000163,-3.653595249111506e-12,-6.034883958193326e-5,8.556345542083808e-5,1.0701806766200671e-12,1.1180636631721018e-6,-3.2347989915219953e-9
21.050000000000164,-3.639405770663338e-12,-6.011436514276674e-5,8.545280746559818e-5,1.1025901359314692e-12,1.1278336599516824e-6,-3.224406854040497e-9
21.100000000000165,-3.6252762115892724e-12,-5.988080185337874e-5,8.534246966938842e-5,1.1346573270677102e-12,1.1374831239774923e-6,-3.214073553879865e-9
21.150000000000166,-3.6111923053716663e-12,-5.964814616824002e-5,8.523243986116308e-5,1.166385491565825e-12,1.1470105532732425e-6,-3.2037985103143107e-9
21.200000000000166,-3.5971683185281623e-12,-5.941639455587389e-5,8.512271589013102e-5,1.1977776802841994e-12,1.1564198783106889e-6,-3.19358161172522e-9
21.250000000000167,-3.583204251058761e-12,-5.918554349865069e-5,8.501329562553772e-5,1.2288359906879736e-12,1.1657119085883213e-6,-3.1834219594716225e-9
21.300000000000168,-3.5692858364458185e-12,-5.895558949279645e-5,8.490417695644692e-5,1.2595651897433757e-12,1.1748857308560245e-6,-3.17331950218944e-9
21.35000000000017,-3.5554273412069784e-12,-5.8726529048318636e-5,8.47953577915959e-5,1.289965849486353e-12,1.1839443189055225e-6,-3.163273609957211e-9
21.40000000000017,-3.541625912038712e-12,-5.84983586889377e-5,8.46868360591147e-5,1.3200429275617822e-12,1.192889035492999e-6,-3.153283898262634e-9
21.45000000000017,-3.527867282423376e-12,-5.8271074952041405e-5,8.457860970638884e-5,1.3497981400775058e-12,1.2017177899159913e-6,-3.1433499081900355e-9
21.50000000000017,-3.5141657188786144e-12,-5.804467438863063e-5,8.447067669986561e-5,1.3792347285705583e-12,1.2104345862370275e-6,-3.1334713691225525e-9
21.55000000000017,-3.5005155147973685e-12,-5.7819153563213784e-5,8.436303502481305e-5,1.408356315935273e-12,1.2190397214730074e-6,-3.123647519868945e-9
21.600000000000172,-3.4869309366972827e-12,-5.759450905384109e-5,8.425568268517963e-5,1.4371648089581411e-12,1.2275366845510567e-6,-3.1138783007167783e-9
21.650000000000173,-3.4733834515430697e-12,-5.7370737451921904e-5,8.414861770338059e-5,1.4656634491761978e-12,1.2359212204754788e-6,-3.1041631146772313e-9
21.700000000000173,-3.4598844725488443e-12,-5.71478353623189e-5,8.404183812011199e-5,1.4938554781264776e-12,1.2441967827049197e-6,-3.0945015129719197e-9
21.750000000000174,-3.44644826623225e-12,-5.6925799403165504e-5,8.39353419941889e-5,1.5217426119168228e-12,1.2523667865757335e-6,-3.0848932710083633e-9
21.800000000000175,-3.4330719792897586e-12,-5.670462620586582e-5,8.382912740233952e-5,1.5493294268348121e-12,1.2604324476625607e-6,-3.075337885635439e-9
21.850000000000176,-3.419729931989611e-12,-5.648431241502051e-5,8.372319243904197e-5,1.5766157322017965e-12,1.2683887369396943e-6,-3.0658349237414843e-9
21.900000000000176,-3.406444950760038e-12,-5.6264854688412494e-5,8.361753521631367e-5,1.6036064856626528e-12,1.2762419725982532e-6,-3.0563839241339995e-9
21.950000000000177,-3.3932284488151526e-12,-5.6046249696858545e-5,8.351215386358643e-5,1.630304738075767e-12,1.283995534506112e-6,-3.0469847464088037e-9
22.000000000000178,-3.380034773298497e-12,-5.5828494124257896e-5,8.3407046527508e-5,1.6567120148703318e-12,1.2916412017273378e-6,-3.0376366943183665e-9
22.05000000000018,-3.3669067237630014e-12,-5.561158466753505e-5,8.330221137175454e-5,1.6828317482620313e-12,1.2991885579540474e-6,-3.028339666110314e-9
22.10000000000018,-3.353838593601608e-12,-5.539551803647153e-5,8.319764657686729e-5,1.7086654636800588e-12,1.3066370907046511e-6,-3.0190930876995963e-9
22.15000000000018,-3.340816116296674e-12,-5.518029095374579e-5,8.30933503401368e-5,1.7342169746973958e-12,1.3139855187751758e-6,-3.0098966164512214e-9
22.20000000000018,-3.327833585241141e-12,-5.496590015492749e-5,8.298932087533118e-5,1.7594868533499906e-12,1.3212329617301733e-6,-3.0007499565135216e-9
22.25000000000018,-3.314910973559711e-12,-5.475234238825499e-5,8.288555641262922e-5,1.784480629318667e-12,1.328385407929196e-6,-2.9916526219199782e-9
22.300000000000182,-3.3020254548241537e-12,-5.453961441475797e-5,8.278205519843716e-5,1.8091992559966709e-12,1.335438820495049e-6,-2.9826043443847636e-9
22.350000000000183,-3.289211268676814e-12,-5.4327713008126245e-5,8.267881549515846e-5,1.8336455935637386e-12,1.3424009105358891e-6,-2.9736047704308644e-9
22.400000000000183,-3.276431322171818e-12,-5.4116634954638396e-5,8.257583558112506e-5,1.857820976770414e-12,1.3492650353366563e-6,-2.9646534009187056e-9
22.450000000000184,-3.2636970285232815e-12,-5.390637705317891e-5,8.24731137504129e-5,1.8817305539402234e-12,1.3560353842637147e-6,-2.9557500185470667e-9
22.500000000000185,-3.251025507552376e-12,-5.3696936115075514e-5,8.237064831264203e-5,1.905373181001272e-12,1.3627148193957234e-6,-2.946894274067323e-9
22.550000000000185,-3.238402492741458e-12,-5.348830896420476e-5,8.226843759288203e-5,1.928753815598437e-12,1.3693025010733402e-6,-2.93808564394535e-9
22.600000000000186,-3.225825130786999e-12,-5.328049243678947e-5,8.216647993146595e-5,1.9518751272328056e-12,1.3757989089634876e-6,-2.929323952757237e-9
22.650000000000187,-3.213293421688999e-12,-5.3073483381421524e-5,8.206477368384535e-5,1.9747386413335707e-12,1.3822046317923392e-6,-2.9206088421199553e-9
22.700000000000188,-3.2008045121439295e-12,-5.2867278659033335e-5,8.196331722045305e-5,1.9973466460445223e-12,1.388520002045275e-6,-2.911939851518632e-9
22.75000000000019,-3.188366962062377e-12,-5.266187514277231e-5,8.186210892653527e-5,2.0197018108667474e-12,1.394747701804744e-6,-2.903316735571211e-9
22.80000000000019,-3.1759807714443403e-12,-5.2457269718032233e-5,8.176114720202056e-5,2.041805279872141e-12,1.4008881726153765e-6,-2.8947391606957886e-9
22.85000000000019,-3.1636430869862916e-12,-5.225345928235056e-5,8.166043046137625e-5,2.06366201070558e-12,1.4069427772333568e-6,-2.886206742759535e-9
22.90000000000019,-3.1513596152952874e-12,-5.2050440745396984e-5,8.155995713346214e-5,2.0852708592951696e-12,1.4129121753218173e-6,-2.8777192433192874e-9
22.95000000000019,-3.1391103832466278e-12,-5.1848211028856454e-5,8.145972566137641e-5,2.1066375460003832e-12,1.418794720376739e-6,-2.8692761725596094e-9
23.000000000000192,-3.126923923875599e-12,-5.164676706647484e-5,8.135973450233504e-5,2.1277624521785195e-12,1.424596065618482e-6,-2.860877337384094e-9
23.050000000000193,-3.1147774107539723e-12,-5.144610580393337e-5,8.125998212752697e-5,2.1486478659733675e-12,1.4303126893052538e-6,-2.852522421070182e-9
23.100000000000193,-3.1026765504888043e-12,-5.124622419884012e-5,8.116046702197524e-5,2.169295694171418e-12,1.4359464285525352e-6,-2.8442110441742174e-9
23.150000000000194,-3.0906213430800958e-12,-5.1047119220695674e-5,8.106118768441345e-5,2.1897101317029523e-12,1.4414989023573049e-6,-2.835942959471e-9
23.200000000000195,-3.078617495134903e-12,-5.0848787850753425e-5,8.096214262711494e-5,2.209890034496075e-12,1.4469707703826956e-6,-2.8277176940586478e-9
23.250000000000195,-3.066653593439112e-12,-5.065122708212222e-5,8.086333037580422e-5,2.2298418856248567e-12,1.45236233229942e-6,-2.8195351631796553e-9
23.300000000000196,-3.0547381979033093e-12,-5.045443391955808e-5,8.076474946951066e-5,2.2495649223747004e-12,1.4576749455560361e-6,-2.8113948337589196e-9
23.350000000000197,-3.04287986843808e-12,-5.025840537956695e-5,8.066639846043875e-5,2.2690591447456065e-12,1.462910261964189e-6,-2.8032965765866467e-9
23.400000000000198,-3.0310557786151947e-12,-5.00631384902506e-5,8.056827591380788e-5,2.2883333239554338e-12,1.4680672618683258e-6,-2.795240045992079e-9
23.4500000000002,-3.01927448834524e-12,-4.98686302913009e-5,8.04703804077869e-5,2.3073836464312002e-12,1.4731461252646561e-6,-2.787224853288738e-9
23.5000000000002,-3.0075445575388014e-12,-4.967487783393994e-5,8.037271053333227e-5,2.3262127816739937e-12,1.47814953423563e-6,-2.7792508171709147e-9
23.5500000000002,-2.9958659861958794e-12,-4.948187818090289e-5,8.027526489403711e-5,2.3448264500432874e-12,1.4830796965043995e-6,-2.771317599503057e-9
23.6000000000002,-2.9842359210129453e-12,-4.928962840635522e-5,8.017804210607785e-5,2.3632223633952916e-12,1.4879351783778221e-6,-2.7634248432844948e-9
23.6500000000002,-2.9726400954723552e-12,-4.909812559588422e-5,8.008104079802192e-5,2.3814062420894803e-12,1.4927154345596419e-6,-2.7555723548225095e-9
23.700000000000202,-2.961092776091753e-12,-4.890736684640193e-5,7.998425961076379e-5,2.399377323411257e-12,1.4974229237061801e-6,-2.747759865072332e-9
23.750000000000203,-2.9495854029605524e-12,-4.871734926615653e-5,7.988769719734187e-5,2.417138658219007e-12,1.50205717145814e-6,-2.7399869512764307e-9
23.800000000000203,-2.938129389292868e-12,-4.8528069974643965e-5,7.979135222291557e-5,2.434692153299222e-12,1.5066211161387652e-6,-2.7322533819305363e-9
23.850000000000204,-2.9267218817851713e-12,-4.833952610260789e-5,7.969522336452901e-5,2.452040096795691e-12,1.5111150902334352e-6,-2.7245589567554025e-9
23.900000000000205,-2.9153457606162905e-12,-4.815171479195121e-5,7.959930931110171e-5,2.4691843954949057e-12,1.5155365260265779e-6,-2.716903366102889e-9
23.950000000000205,-2.9040181456073972e-12,-4.7964633195699036e-5,7.95036087632502e-5,2.4861273375406547e-12,1.5198896102307435e-6,-2.709286290756771e-9
24.000000000000206,-2.8927333301514343e-12,-4.777827847797296e-5,7.940812043318431e-5,2.5028704483621316e-12,1.5241738303643435e-6,-2.701707564644381e-9
24.050000000000207,-2.8814998741589877e-12,-4.7592647813959696e-5,7.931284304463382e-5,2.5194133466020377e-12,1.5283906910574787e-6,-2.6941666442009595e-9
24.100000000000207,-2.870292097898299e-12,-4.740773838981119e-5,7.921777533269304e-5,2.5357609899052504e-12,1.53253715023528e-6,-2.68666359095498e-9
24.150000000000208,-2.8591499476187707e-12,-4.722354740264178e-5,7.912291604372459e-5,2.5519133782717696e-12,1.5366209163520905e-6,-2.679198007058455e-9
24.20000000000021,-2.8480505968921723e-12,-4.704007206052536e-5,7.902826393524507e-5,2.5678743252745772e-12,1.5406390563922918e-6,-2.671769584110077e-9
24.25000000000021,-2.8369854858079187e-12,-4.685730958233842e-5,7.893381777584255e-5,2.583643068199077e-12,1.5445896241811518e-6,-2.6643780812543334e-9
24.30000000000021,-2.8259660275801234e-12,-4.667525719781142e-5,7.883957634503797e-5,2.5992245646901466e-12,1.5484767354942629e-6,-2.6570232567683493e-9
24.35000000000021,-2.8149836622982017e-12,-4.649391214746884e-5,7.874553843321324e-5,2.6146180520331882e-12,1.5522984441568932e-6,-2.6497048828070385e-9
24.40000000000021,-2.8040412432656813e-12,-4.631327168258647e-5,7.865170284146949e-5,2.6298258183719923e-12,1.5560561838621845e-6,-2.6424226770983654e-9
24.450000000000212,-2.7931501836966774e-12,-4.613333306510569e-5,7.855806838153705e-5,2.6448497704930497e-12,1.5597528929333821e-6,-2.6351763415680476e-9
24.500000000000213,-2.7823019236806036e-12,-4.595409356766779e-5,7.846463387570677e-5,2.65969219654015e-12,1.563387802648101e-6,-2.627965694503801e-9
24.550000000000214,-2.7714850500033454e-12,-4.577555047346557e-5,7.83713981566699e-5,2.6743538592278888e-12,1.5669590049539022e-6,-2.6207904162286154e-9
24.600000000000215,-2.76072809570019e-12,-4.559770107631184e-5,7.827836006745858e-5,2.6888381907719515e-12,1.5704733305234935e-6,-2.613650392819947e-9
24.650000000000215,-2.7500053810393786e-12,-4.542054268056237e-5,7.818551846135429e-5,2.703144428457741e-12,1.573925529558853e-6,-2.6065451713523386e-9
24.700000000000216,-2.7393083461103256e-12,-4.524407260102454e-5,7.809287220175209e-5,2.717275623143642e-12,1.577315127700683e-6,-2.5994747464589893e-9
24.750000000000217,-2.7286769371624322e-12,-4.506828816296313e-5,7.800042016207526e-5,2.731235588402639e-12,1.580651305218763e-6,-2.592438680311957e-9
24.800000000000217,-2.718071207946297e-12,-4.4893186702097425e-5,7.790816122570962e-5,2.7450201293044496e-12,1.5839247346617707e-6,-2.5854368392020082e-9
24.850000000000218,-2.7075082782830922e-12,-4.4718765564447097e-5,7.781609428588459e-5,2.7586357289231448e-12,1.5871412217392348e-6,-2.5784689128304818e-9
24.90000000000022,-2.696996708083404e-12,-4.454502210637223e-5,7.772421824555421e-5,2.7720831499733204e-12,1.5903027126258885e-6,-2.5715348422438843e-9
24.95000000000022,-2.6865136709190024e-12,-4.4371953694541856e-5,7.763253201735596e-5,2.7853620110976786e-12,1.593404655309134e-6,-2.5646341150076116e-9
25.00000000000022,-2.67607628661106e-12,-4.419955770586271e-5,7.754103452348712e-5,2.798478414012991e-12,1.5964527083169575e-6,-2.557766792446849e-9
25.05000000000022,-2.665678848552519e-12,-4.40278315274449e-5,7.74497246956073e-5,2.8114296892181697e-12,1.5994447401707915e-6,-2.550932371559551e-9
25.10000000000022,-2.6553242100469087e-12,-4.3856772556539176e-5,7.735860147477727e-5,2.8242177434997063e-12,1.6023820373822347e-6,-2.5441308654510116e-9
25.150000000000222,-2.6450123710942285e-12,-4.368637820056549e-5,7.726766381132172e-5,2.8368452463586884e-12,1.6052656302220922e-6,-2.537361911943495e-9
25.200000000000223,-2.634737625087421e-12,-4.3516645876981694e-5,7.717691066481256e-5,2.8493133418670104e-12,1.6080948590272304e-6,-2.530625324472912e-9
25.250000000000224,-2.624491412115901e-12,-4.334757301331208e-5,7.708634100389943e-5,2.8616246995257597e-12,1.610869102256809e-6,-2.523920841326411e-9
25.300000000000225,-2.6142965586078966e-12,-4.31791570471075e-5,7.69959538062855e-5,2.8737804634068316e-12,1.613593206286512e-6,-2.5172483251220245e-9
25.350000000000225,-2.6041387980457656e-12,-4.301139542584825e-5,7.690574805860068e-5,2.8857787267237345e-12,1.6162636821892135e-6,-2.5106074181814554e-9
25.400000000000226,-2.5940266903400936e-12,-4.284428560696697e-5,7.681572275635442e-5,2.897627116622433e-12,1.6188851254074284e-6,-2.5039981569203442e-9
25.450000000000227,-2.5839431156697086e-12,-4.267782505775161e-5,7.67258769038045e-5,2.9093222008872433e-12,1.6214529076839753e-6,-2.4974199801014365e-9
25.500000000000227,-2.57391090046284e-12,-4.251201125539394e-5,7.663620951392809e-5,2.920867793091148e-12,1.6239729056653426e-6,-2.4908730347425467e-9
25.550000000000228,-2.563898658380672e-12,-4.234684168684401e-5,7.654671960828894e-5,2.9322627491622513e-12,1.6264386211642012e-6,-2.4843568767951227e-9
25.60000000000023,-2.553954895583193e-12,-4.2182313848850165e-5,7.645740621697495e-5,2.943511645388133e-12,1.6288611806250612e-6,-2.477871292562916e-9
25.65000000000023,-2.544011132785713e-12,-4.2018425247927525e-5,7.636826837853555e-5,2.954614481768792e-12,1.6312273695547628e-6,-2.4714162729521814e-9
25.70000000000023,-2.5341444091835083e-12,-4.1855173400201205e-5,7.627930513988107e-5,2.965571639661528e-12,1.6335522014396546e-6,-2.464991349953498e-9
25.75000000000023,-2.5242919520989472e-12,-4.169255583152606e-5,7.61905155561927e-5,2.976386551282024e-12,1.6358248876282315e-6,-2.4585965681140232e-9
25.80000000000023,-2.514490854477902e-12,-4.153057007735262e-5,7.610189869088435e-5,2.9870592166302808e-12,1.638052585970955e-6,-2.4522315413629155e-9
25.850000000000232,-2.504718289892144e-12,-4.136921368272704e-5,7.601345361547153e-5,2.9975911611354903e-12,1.6402314803629458e-6,-2.4458961359096268e-9
25.900000000000233,-2.4949942314663734e-12,-4.1208484202222685e-5,7.592517940953008e-5,3.0079842915841444e-12,1.6423661609390925e-6,-2.439590206931852e-9
25.950000000000234,-2.4852929994688324e-12,-4.1048379199928684e-5,7.583707516061692e-5,3.0182389893335412e-12,1.6444518194460047e-6,-2.4333134420438402e-9
26.000000000000234,-2.475643126934808e-12,-4.088889624942139e-5,7.574913996419066e-5,3.0283575425274697e-12,1.646494845011759e-6,-2.427065792077023e-9
26.050000000000235,-2.4660217874360707e-12,-4.07300329336731e-5,7.566137292352318e-5,3.03834223930972e-12,1.6484917158945639e-6,-2.420846878211161e-9
26.100000000000236,-2.456443247490263e-12,-4.057178684509767e-5,7.557377314965078e-5,3.0481900288219054e-12,1.6504440076614787e-6,-2.414656755889643e-9
26.150000000000237,-2.446893240579743e-12,-4.041415558541646e-5,7.548633976126895e-5,3.0579093009245874e-12,1.652352205287053e-6,-2.4084948741886873e-9
26.200000000000237,-2.4373888865256815e-12,-4.025713676571534e-5,7.539907188470338e-5,3.0674947166155913e-12,1.6542175518529673e-6,-2.4023614395539405e-9
26.250000000000238,-2.4279187721139645e-12,-4.0100728006384836e-5,7.531196865378638e-5,3.076950470825197e-12,1.6560394639406737e-6,-2.3962560374271493e-9
26.30000000000024,-2.418491457255178e-12,-3.994492693701165e-5,7.522502920981572e-5,3.0862773262680006e-12,1.6578198877249036e-6,-2.3901785051779877e-9
26.35000000000024,-2.4090983820387353e-12,-3.97897311964386e-5,7.51382527014982e-5,3.095475664301301e-12,1.659557318575556e-6,-2.3841285881273655e-9
26.40000000000024,-2.3997252799469937e-12,-3.963513843267332e-5,7.50516382848474e-5,3.10454929849808e-12,1.6612504752886575e-6,-2.378106441776979e-9
26.45000000000024,-2.3904092439258254e-12,-3.948114630284261e-5,7.496518512313337e-5,3.113495940714549e-12,1.6629056326254088e-6,-2.3721113957375205e-9
26.50000000000024,-2.3811245942434733e-12,-3.932775247322952e-5,7.487889238680025e-5,3.1223197858809877e-12,1.6645194541478532e-6,-2.3661436577150207e-9
26.550000000000242,-2.371874184203465e-12,-3.9174954619156335e-5,7.479275925342205e-5,3.1310219780692913e-12,1.6660929320045026e-6,-2.36020289109181e-9
26.600000000000243,-2.3626494538952152e-12,-3.9022750424970394e-5,7.470678490760653e-5,3.139601754564863e-12,1.6676241200206256e-6,-2.354288854510933e-9
26.650000000000244,-2.3534703764434244e-12,-3.88711375840611e-5,7.462096854096469e-5,3.1480594967250017e-12,1.6691170196049372e-6,-2.348401449513279e-9
26.700000000000244,-2.3443283919375064e-12,-3.872011379876585e-5,7.453530935198111e-5,3.1564001621945836e-12,1.6705718923058575e-6,-2.342540567854814e-9
26.750000000000245,-2.335217793770404e-12,-3.8569676780315786e-5,7.444980654605059e-5,3.164622606901714e-12,1.6719871953709929e-6,-2.3367059663083334e-9
26.800000000000246,-2.3261557017632896e-12,-3.8419824248921374e-5,7.436445933529808e-5,3.1727283562755865e-12,1.6733668211498073e-6,-2.330897473217528e-9
26.850000000000247,-2.3171164361844045e-12,-3.827055393354704e-5,7.42792669386108e-5,3.180716647601604e-12,1.6747055198442784e-6,-2.3251148309759613e-9
26.900000000000247,-2.308108556944335e-12,-3.812186357207948e-5,7.41942285815085e-5,3.188591294452749e-12,1.676006415081487e-6,-2.319358067122369e-9
26.950000000000248,-2.2991349173466097e-12,-3.797375091115076e-5,7.410934349611608e-5,3.19635267818632e-12,1.6772702046468578e-6,-2.3136268001531114e-9
27.00000000000025,-2.2902097839088718e-12,-3.78262137061583e-5,7.402461092110556e-5,3.204001180159615e-12,1.6784997887413423e-6,-2.3079211698489536e-9
27.05000000000025,-2.2813188901134787e-12,-3.767924972121636e-5,7.394003010160148e-5,3.2115394698737214e-12,1.679693444616337e-6,-2.302240586796937e-9
27.10000000000025,-2.2724479694427863e-12,-3.75328567291475e-5,7.385560028915206e-5,3.218964877827552e-12,1.6808473889816293e-6,-2.296585252767086e-9
27.15000000000025,-2.2636169950214954e-12,-3.738703251141119e-5,7.377132074164513e-5,3.2262842684524748e-12,1.6819681253321733e-6,-2.290954741762815e-9
27.20000000000025,-2.25481740693902e-12,-3.7241774858121004e-5,7.368719072327466e-5,3.2334953536047e-12,1.6830531187670629e-6,-2.2853492102344964e-9
27.250000000000252,-2.2460634717130038e-12,-3.7097081567947574e-5,7.360320950445378e-5,3.2405962264977373e-12,1.6841043863979896e-6,-2.2797680938549e-9
27.300000000000253,-2.2373466294328605e-12,-3.695295044811571e-5,7.351937636178282e-5,3.2475933702056557e-12,1.6851227784995474e-6,-2.274211584893729e-9
27.350000000000254,-2.2286440536703603e-12,-3.6809379314370217e-5,7.343569057796683e-5,3.254485259299263e-12,1.686103301514509e-6,-2.2686793438059672e-9
27.400000000000254,-2.2199871307643196e-12,-3.666636599100436e-5,7.335215144177595e-5,3.2612722751358567e-12,1.6870521592671164e-6,-2.263171224942606e-9
27.450000000000255,-2.2113587408935655e-12,-3.652390831067448e-5,7.326875824797987e-5,3.2679570872165255e-12,1.6879670784048843e-6,-2.2576871627229657e-9
27.500000000000256,-2.2027674439686845e-12,-3.638200411453972e-5,7.318551029729286e-5,3.2745396955412684e-12,1.688849710739457e-6,-2.2522269095017183e-9
27.550000000000257,-2.1942132399896764e-12,-3.624065125209091e-5,7.31024068963189e-5,3.2810216255392784e-12,1.6897006449970085e-6,-2.24679037752625e-9
27.600000000000257,-2.1856761558318404e-12,-3.6099847581238946e-5,7.301944735749058e-5,3.2874040212824506e-12,1.6905164684949984e-6,-2.2413774018352007e-9
27.650000000000258,-2.1771932844410496e-12,-3.5959590968135084e-5,7.293663099903566e-5,3.2936865014134867e-12,1.6913041919023445e-6,-2.2359876768868452e-9
27.70000000000026,-2.168747505996132e-12,-3.581987928727933e-5,7.28539571448839e-5,3.2998717354334746e-12,1.692061541866561e-6,-2.230621346730995e-9
27.75000000000026,-2.1603131407653285e-12,-3.568071042144059e-5,7.277142512466256e-5,3.3059585792705188e-12,1.6927831214080825e-6,-2.225278136007403e-9
27.80000000000026,-2.1519244283909842e-12,-3.554208226158528e-5,7.268903427360027e-5,3.3119500837830056e-12,1.6934767152258375e-6,-2.2199577650867768e-9
27.85000000000026,-2.1435585424448697e-12,-3.540399270690876e-5,7.260678393249351e-5,3.317847774400128e-12,1.6941385072149457e-6,-2.214660313617318e-9
27.90000000000026,-2.1352326027481568e-12,-3.526643966471263e-5,7.252467344766074e-5,3.3236482189062017e-12,1.6947704763648064e-6,-2.2093853857974716e-9
27.950000000000262,-2.126932342783202e-12,-3.51294210504846e-5,7.244270217087698e-5,3.3293567563034022e-12,1.69537193019762e-6,-2.204133049959079e-9
28.000000000000263,-2.1186748823711776e-12,-3.499293478781579e-5,7.236086945932328e-5,3.334971479805238e-12,1.6959454364289589e-6,-2.198903103302124e-9
28.050000000000264,-2.1104431016909113e-12,-3.485697880831792e-5,7.227917467555025e-5,3.3404962029846918e-12,1.6964891632509682e-6,-2.1936953696573063e-9
28.100000000000264,-2.1022427073494606e-12,-3.472155105167188e-5,7.219761718741851e-5,3.345932451270956e-12,1.6970048005975848e-6,-2.1885097262116246e-9
28.150000000000265,-2.0940708460432965e-12,-3.4586649465573475e-5,7.211619636803462e-5,3.3512760297337506e-12,1.697490178867949e-6,-2.1833460199299423e-9
28.200000000000266,-2.0859275177724197e-12,-3.445227200567354e-5,7.20349115957328e-5,3.356530751946058e-12,1.6979467698774959e-6,-2.178204189744572e-9
28.250000000000266,-2.0778298423580016e-12,-3.431841663558931e-5,7.195376225401389e-5,3.361697761979772e-12,1.6983783187941455e-6,-2.1730840052489996e-9
28.300000000000267,-2.069760699978871e-12,-3.418508132680458e-5,7.187274773148435e-5,3.3667785852640863e-12,1.6987821107207823e-6,-2.1679853877301473e-9
28.350000000000268,-2.0617172373314977e-12,-3.405226405876389e-5,7.17918674217952e-5,3.371772077727106e-12,1.6991571535088937e-6,-2.1629081376948155e-9
28.40000000000027,-2.0536994544158832e-12,-3.3919962818675575e-5,7.171112072365891e-5,3.3766816715845154e-12,1.6995047717923714e-6,-2.1578521579442792e-9
28.45000000000027,-2.045724471053199e-12,-3.3788175601643106e-5,7.163050704074704e-5,3.3815058414071208e-12,1.6998276804683311e-6,-2.152817391029376e-9
28.50000000000027,-2.0377751674222726e-12,-3.365690041052805e-5,7.155002578163699e-5,3.386244587194923e-12,1.7001225759134834e-6,-2.1478036219392625e-9
28.55000000000027,-2.029860103433691e-12,-3.3526135255924445e-5,7.146967635980576e-5,3.3909017225209044e-12,1.7003925817549077e-6,-2.14281078284354e-9
28.60000000000027,-2.021970719176867e-12,-3.339587815621014e-5,7.138945819355843e-5,3.3954772473850644e-12,1.7006360461809592e-6,-2.1378385671433874e-9
28.650000000000272,-2.0141155745623877e-12,-3.326612713744121e-5,7.130937070599294e-5,3.3999719245019997e-12,1.7008549153663698e-6,-2.13288706512574e-9
28.700000000000273,-2.0062946695902527e-12,-3.313688023334058e-5,7.122941332494974e-5,3.4043827030133245e-12,1.701048011858792e-6,-2.1279560211628305e-9
28.750000000000274,-1.9985022976534042e-12,-3.3008135485266594e-5,7.114958548297073e-5,3.4087160659931084e-12,1.7012167365367007e-6,-2.1230455258126456e-9
28.800000000000274,-1.9907441653589002e-12,-3.28798909422102e-5,7.106988661725794e-5,3.4129723947986503e-12,1.7013623377894042e-6,-2.1181549292586133e-9
28.850000000000275,-1.983006006189097e-12,-3.275214466068078e-5,7.09903161696172e-5,3.417149019928862e-12,1.7014810323266887e-6,-2.1132847808388693e-9
28.900000000000276,-1.975296380054581e-12,-3.2624894704851715e-5,7.091087358643972e-5,3.4212467040983394e-12,1.7015747663232867e-6,-2.1084344262102973e-9
28.950000000000276,-1.9676124336518226e-12,-3.249813914630069e-5,7.083155831863353e-5,3.4252707863092594e-12,1.701645049716925e-6,-2.1036041582430092e-9
29.000000000000277,-1.9599798467125813e-12,-3.2371876064192326e-5,7.075236982159907e-5,3.429215164844849e-12,1.701694483037843e-6,-2.098793529812029e-9
29.050000000000278,-1.95236723289804e-12,-3.224610354509843e-5,7.067330755516964e-5,3.433087848208372e-12,1.701720100455756e-6,-2.0940024581656263e-9
29.10000000000028,-1.9447745922082e-12,-3.212081968303507e-5,7.059437098359775e-5,3.436885404184143e-12,1.701720577336772e-6,-2.0892310467773454e-9
29.15000000000028,-1.9372333109818765e-12,-3.199602257941692e-5,7.051555957548791e-5,3.4406093582013563e-12,1.701702559049764e-6,-2.0844788836368085e-9
29.20000000000028,-1.9296834698449667e-12,-3.187171034308013e-5,7.043687280374946e-5,3.4442608543319055e-12,1.7016549244578464e-6,-2.0797461335562983e-9
29.25000000000028,-1.922207814599803e-12,-3.174788109017382e-5,7.035831014562845e-5,3.4478372230747036e-12,1.7015926108027842e-6,-2.0750325027847887e-9
29.30000000000028,-1.9147293060511104e-12,-3.1624532944163024e-5,7.027987108254457e-5,3.451343803431926e-12,1.7015028123213808e-6,-2.0703378548483312e-9
29.350000000000282,-1.9072907437518194e-12,-3.15016640358115e-5,7.020155510015512e-5,3.4547821208327646e-12,1.701394376798035e-6,-2.065662284790799e-9
29.400000000000283,-1.8998750078807582e-12,-3.1379272503138956e-5,7.012336168828337e-5,3.458149124418835e-12,1.7012628231571094e-6,-2.0610054216930757e-9
29.450000000000284,-1.89249636495557e-12,-3.1257356491429634e-5,7.00452903408636e-5,3.4614440514755393e-12,1.7011106100549246e-6,-2.0563672731039196e-9
29.500000000000284,-1.8851434017621396e-12,-3.1135914153140954e-5,6.99673405559213e-5,3.464672241005054e-12,1.7009375956175635e-6,-2.051747750728616e-9
29.550000000000285,-1.8778161183004675e-12,-3.10149436479321e-5,6.988951183552436e-5,3.4678329302927816e-12,1.7007434854819388e-6,-2.0471467121301046e-9
29.600000000000286,-1.87052307448114e-12,-3.089444314259834e-5,6.981180368576167e-5,3.4709257379814244e-12,1.7005297842781522e-6,-2.042563956622563e-9
29.650000000000286,-1.8632500037865127e-12,-3.0774410811062516e-5,6.973421561669131e-5,3.473952952214772e-12,1.700294622076056e-6,-2.037999593195415e-9
29.700000000000287,-1.8560168793412872e-12,-3.065484483433507e-5,6.965674714230545e-5,3.476913047563631e-12,1.7000412643766482e-6,-2.0334532902318734e-9
29.750000000000288,-1.8488094346278203e-12,-3.053574340048836e-5,6.957939778049217e-5,3.479807168099896e-12,1.6997673997051507e-6,-2.028925036930574e-9
29.80000000000029,-1.841619109735525e-12,-3.0417104704676665e-5,6.950216705301267e-5,3.4826372206100586e-12,1.6994721121576363e-6,-2.024414755621984e-9
29.85000000000029,-1.834468731092632e-12,-3.0298926949027715e-5,6.942505448545541e-5,3.485402061022224e-12,1.699159365020528e-6,-2.0199222295740884e-9
29.90000000000029,-1.827341178877968e-12,-3.0181208342659844e-5,6.934805960719189e-5,3.4881074096958657e-12,1.6988280623936875e-6,-2.015447484346954e-9
29.95000000000029,-1.8202393063950625e-12,-3.006394710165916e-5,6.927118195135235e-5,3.490747927628808e-12,1.698476694339388e-6,-2.010990351631746e-9
30.00000000000029,-1.8131802334650872e-12,-2.9947141449039577e-5,6.919442105479662e-5,3.4933255216075427e-12,1.6981093003886367e-6,-2.0065506825539536e-9
